2026-05-20 17:36:43  INFO     ============================================================
2026-05-20 17:36:43  INFO     sync_mensal [DRY-RUN] início: 2026-05-20 17:36:43
2026-05-20 17:36:43  INFO     dados-brutos : C:\Users\roberg\Documents\DA\Pythagoras\dados-brutos
2026-05-20 17:36:43  INFO     banco        : sqlite:///./cnpj.db
2026-05-20 17:36:43  INFO     ============================================================
2026-05-20 17:36:43  ERROR    DADOS_BRUTOS não encontrado: C:\Users\roberg\Documents\DA\Pythagoras\dados-brutos
2026-05-20 17:38:51  INFO     ============================================================
2026-05-20 17:38:51  INFO     sync_mensal [DRY-RUN] início: 2026-05-20 17:38:51
2026-05-20 17:38:51  INFO     dados-brutos : C:\Users\roberg\Documents\DA\Pythagoras\busca_empresa\dados-brutos
2026-05-20 17:38:51  INFO     banco        : sqlite:///./cnpj.db
2026-05-20 17:38:51  INFO     ============================================================
2026-05-20 17:38:51  INFO     Consultando casadosdados...
2026-05-20 17:38:51  INFO       Site: 39 meses disponíveis — mais recente: 2026-05
2026-05-20 17:38:51  INFO       Banco: 0 mês(es) CONCLUIDO(s).
2026-05-20 17:38:51  INFO       Novo(s) a processar: 2023-03, 2023-04, 2023-05, 2023-06, 2023-07, 2023-08, 2023-09, 2023-10, 2023-11, 2023-12, 2024-01, 2024-02, 2024-03, 2024-04, 2024-05, 2024-06, 2024-07, 2024-08, 2024-09, 2024-10, 2024-11, 2024-12, 2025-01, 2025-02, 2025-03, 2025-04, 2025-05, 2025-06, 2025-07, 2025-08, 2025-09, 2025-10, 2025-11, 2025-12, 2026-01, 2026-02, 2026-03, 2026-04, 2026-05
2026-05-20 17:38:52  INFO       [2023-03]  pasta=2023-03-15  37 ZIP(s):
2026-05-20 17:38:52  INFO         BAIXAR       Cnaes.zip
2026-05-20 17:38:52  INFO         BAIXAR       Empresas0.zip
2026-05-20 17:38:52  INFO         BAIXAR       Empresas1.zip
2026-05-20 17:38:52  INFO         BAIXAR       Empresas2.zip
2026-05-20 17:38:52  INFO         BAIXAR       Empresas3.zip
2026-05-20 17:38:52  INFO         BAIXAR       Empresas4.zip
2026-05-20 17:38:52  INFO         BAIXAR       Empresas5.zip
2026-05-20 17:38:52  INFO         ok (skip)    Empresas6.zip
2026-05-20 17:38:52  INFO         ok (skip)    Empresas7.zip
2026-05-20 17:38:52  INFO         ok (skip)    Empresas8.zip
2026-05-20 17:38:52  INFO         ok (skip)    Empresas9.zip
2026-05-20 17:38:52  INFO         ok (skip)    Estabelecimentos0.zip
2026-05-20 17:38:52  INFO         BAIXAR       Estabelecimentos1.zip
2026-05-20 17:38:52  INFO         ok (skip)    Estabelecimentos2.zip
2026-05-20 17:38:52  INFO         ok (skip)    Estabelecimentos3.zip
2026-05-20 17:38:52  INFO         ok (skip)    Estabelecimentos4.zip
2026-05-20 17:38:52  INFO         ok (skip)    Estabelecimentos5.zip
2026-05-20 17:38:52  INFO         ok (skip)    Estabelecimentos6.zip
2026-05-20 17:38:52  INFO         ok (skip)    Estabelecimentos7.zip
2026-05-20 17:38:52  INFO         ok (skip)    Estabelecimentos8.zip
2026-05-20 17:38:52  INFO         ok (skip)    Estabelecimentos9.zip
2026-05-20 17:38:52  INFO         BAIXAR       Motivos.zip
2026-05-20 17:38:52  INFO         BAIXAR       Municipios.zip
2026-05-20 17:38:52  INFO         BAIXAR       Naturezas.zip
2026-05-20 17:38:52  INFO         BAIXAR       Paises.zip
2026-05-20 17:38:52  INFO         BAIXAR       Qualificacoes.zip
2026-05-20 17:38:52  INFO         BAIXAR       Simples.zip
2026-05-20 17:38:52  INFO         ok (skip)    Socios0.zip
2026-05-20 17:38:52  INFO         BAIXAR       Socios1.zip
2026-05-20 17:38:52  INFO         ok (skip)    Socios2.zip
2026-05-20 17:38:52  INFO         ok (skip)    Socios3.zip
2026-05-20 17:38:52  INFO         ok (skip)    Socios4.zip
2026-05-20 17:38:52  INFO         ok (skip)    Socios5.zip
2026-05-20 17:38:52  INFO         ok (skip)    Socios6.zip
2026-05-20 17:38:52  INFO         ok (skip)    Socios7.zip
2026-05-20 17:38:52  INFO         ok (skip)    Socios8.zip
2026-05-20 17:38:52  INFO         ok (skip)    Socios9.zip
2026-05-20 17:38:52  INFO       [2023-04]  pasta=2023-04-11  37 ZIP(s):
2026-05-20 17:38:52  INFO         BAIXAR       Cnaes.zip
2026-05-20 17:38:52  INFO         ok (skip)    Empresas0.zip
2026-05-20 17:38:52  INFO         ok (skip)    Empresas1.zip
2026-05-20 17:38:52  INFO         ok (skip)    Empresas2.zip
2026-05-20 17:38:52  INFO         ok (skip)    Empresas3.zip
2026-05-20 17:38:52  INFO         ok (skip)    Empresas4.zip
2026-05-20 17:38:52  INFO         ok (skip)    Empresas5.zip
2026-05-20 17:38:52  INFO         ok (skip)    Empresas6.zip
2026-05-20 17:38:52  INFO         ok (skip)    Empresas7.zip
2026-05-20 17:38:52  INFO         ok (skip)    Empresas8.zip
2026-05-20 17:38:52  INFO         ok (skip)    Empresas9.zip
2026-05-20 17:38:52  INFO         ok (skip)    Estabelecimentos0.zip
2026-05-20 17:38:52  INFO         ok (skip)    Estabelecimentos1.zip
2026-05-20 17:38:52  INFO         ok (skip)    Estabelecimentos2.zip
2026-05-20 17:38:52  INFO         ok (skip)    Estabelecimentos3.zip
2026-05-20 17:38:52  INFO         ok (skip)    Estabelecimentos4.zip
2026-05-20 17:38:52  INFO         ok (skip)    Estabelecimentos5.zip
2026-05-20 17:38:52  INFO         ok (skip)    Estabelecimentos6.zip
2026-05-20 17:38:52  INFO         ok (skip)    Estabelecimentos7.zip
2026-05-20 17:38:52  INFO         ok (skip)    Estabelecimentos8.zip
2026-05-20 17:38:52  INFO         ok (skip)    Estabelecimentos9.zip
2026-05-20 17:38:52  INFO         BAIXAR       Motivos.zip
2026-05-20 17:38:52  INFO         BAIXAR       Municipios.zip
2026-05-20 17:38:52  INFO         BAIXAR       Naturezas.zip
2026-05-20 17:38:52  INFO         BAIXAR       Paises.zip
2026-05-20 17:38:52  INFO         BAIXAR       Qualificacoes.zip
2026-05-20 17:38:52  INFO         BAIXAR       Simples.zip
2026-05-20 17:38:52  INFO         ok (skip)    Socios0.zip
2026-05-20 17:38:52  INFO         ok (skip)    Socios1.zip
2026-05-20 17:38:52  INFO         ok (skip)    Socios2.zip
2026-05-20 17:38:52  INFO         ok (skip)    Socios3.zip
2026-05-20 17:38:52  INFO         ok (skip)    Socios4.zip
2026-05-20 17:38:52  INFO         ok (skip)    Socios5.zip
2026-05-20 17:38:52  INFO         ok (skip)    Socios6.zip
2026-05-20 17:38:52  INFO         ok (skip)    Socios7.zip
2026-05-20 17:38:52  INFO         ok (skip)    Socios8.zip
2026-05-20 17:38:52  INFO         ok (skip)    Socios9.zip
2026-05-20 17:38:52  INFO       [2023-05]  pasta=2023-05-16  37 ZIP(s):
2026-05-20 17:38:52  INFO         BAIXAR       Cnaes.zip
2026-05-20 17:38:52  INFO         ok (skip)    Empresas0.zip
2026-05-20 17:38:52  INFO         ok (skip)    Empresas1.zip
2026-05-20 17:38:52  INFO         ok (skip)    Empresas2.zip
2026-05-20 17:38:52  INFO         ok (skip)    Empresas3.zip
2026-05-20 17:38:52  INFO         ok (skip)    Empresas4.zip
2026-05-20 17:38:52  INFO         ok (skip)    Empresas5.zip
2026-05-20 17:38:52  INFO         ok (skip)    Empresas6.zip
2026-05-20 17:38:52  INFO         ok (skip)    Empresas7.zip
2026-05-20 17:38:52  INFO         ok (skip)    Empresas8.zip
2026-05-20 17:38:52  INFO         ok (skip)    Empresas9.zip
2026-05-20 17:38:52  INFO         ok (skip)    Estabelecimentos0.zip
2026-05-20 17:38:52  INFO         ok (skip)    Estabelecimentos1.zip
2026-05-20 17:38:52  INFO         ok (skip)    Estabelecimentos2.zip
2026-05-20 17:38:52  INFO         ok (skip)    Estabelecimentos3.zip
2026-05-20 17:38:52  INFO         ok (skip)    Estabelecimentos4.zip
2026-05-20 17:38:52  INFO         ok (skip)    Estabelecimentos5.zip
2026-05-20 17:38:52  INFO         ok (skip)    Estabelecimentos6.zip
2026-05-20 17:38:52  INFO         ok (skip)    Estabelecimentos7.zip
2026-05-20 17:38:52  INFO         ok (skip)    Estabelecimentos8.zip
2026-05-20 17:38:52  INFO         ok (skip)    Estabelecimentos9.zip
2026-05-20 17:38:52  INFO         BAIXAR       Motivos.zip
2026-05-20 17:38:52  INFO         BAIXAR       Municipios.zip
2026-05-20 17:38:52  INFO         BAIXAR       Naturezas.zip
2026-05-20 17:38:52  INFO         BAIXAR       Paises.zip
2026-05-20 17:38:52  INFO         BAIXAR       Qualificacoes.zip
2026-05-20 17:38:52  INFO         BAIXAR       Simples.zip
2026-05-20 17:38:52  INFO         ok (skip)    Socios0.zip
2026-05-20 17:38:52  INFO         ok (skip)    Socios1.zip
2026-05-20 17:38:52  INFO         ok (skip)    Socios2.zip
2026-05-20 17:38:52  INFO         ok (skip)    Socios3.zip
2026-05-20 17:38:52  INFO         ok (skip)    Socios4.zip
2026-05-20 17:38:52  INFO         ok (skip)    Socios5.zip
2026-05-20 17:38:52  INFO         ok (skip)    Socios6.zip
2026-05-20 17:38:52  INFO         ok (skip)    Socios7.zip
2026-05-20 17:38:52  INFO         ok (skip)    Socios8.zip
2026-05-20 17:38:52  INFO         ok (skip)    Socios9.zip
2026-05-20 17:38:52  INFO       [2023-06]  pasta=2023-06-12  37 ZIP(s):
2026-05-20 17:38:52  INFO         BAIXAR       Cnaes.zip
2026-05-20 17:38:52  INFO         ok (skip)    Empresas0.zip
2026-05-20 17:38:52  INFO         ok (skip)    Empresas1.zip
2026-05-20 17:38:52  INFO         ok (skip)    Empresas2.zip
2026-05-20 17:38:52  INFO         ok (skip)    Empresas3.zip
2026-05-20 17:38:52  INFO         ok (skip)    Empresas4.zip
2026-05-20 17:38:52  INFO         ok (skip)    Empresas5.zip
2026-05-20 17:38:52  INFO         ok (skip)    Empresas6.zip
2026-05-20 17:38:52  INFO         ok (skip)    Empresas7.zip
2026-05-20 17:38:52  INFO         ok (skip)    Empresas8.zip
2026-05-20 17:38:52  INFO         ok (skip)    Empresas9.zip
2026-05-20 17:38:52  INFO         ok (skip)    Estabelecimentos0.zip
2026-05-20 17:38:52  INFO         ok (skip)    Estabelecimentos1.zip
2026-05-20 17:38:52  INFO         ok (skip)    Estabelecimentos2.zip
2026-05-20 17:38:52  INFO         ok (skip)    Estabelecimentos3.zip
2026-05-20 17:38:52  INFO         ok (skip)    Estabelecimentos4.zip
2026-05-20 17:38:52  INFO         ok (skip)    Estabelecimentos5.zip
2026-05-20 17:38:52  INFO         ok (skip)    Estabelecimentos6.zip
2026-05-20 17:38:52  INFO         ok (skip)    Estabelecimentos7.zip
2026-05-20 17:38:52  INFO         ok (skip)    Estabelecimentos8.zip
2026-05-20 17:38:52  INFO         ok (skip)    Estabelecimentos9.zip
2026-05-20 17:38:52  INFO         BAIXAR       Motivos.zip
2026-05-20 17:38:52  INFO         BAIXAR       Municipios.zip
2026-05-20 17:38:52  INFO         BAIXAR       Naturezas.zip
2026-05-20 17:38:52  INFO         BAIXAR       Paises.zip
2026-05-20 17:38:52  INFO         BAIXAR       Qualificacoes.zip
2026-05-20 17:38:52  INFO         BAIXAR       Simples.zip
2026-05-20 17:38:52  INFO         ok (skip)    Socios0.zip
2026-05-20 17:38:52  INFO         ok (skip)    Socios1.zip
2026-05-20 17:38:52  INFO         ok (skip)    Socios2.zip
2026-05-20 17:38:52  INFO         ok (skip)    Socios3.zip
2026-05-20 17:38:52  INFO         ok (skip)    Socios4.zip
2026-05-20 17:38:52  INFO         ok (skip)    Socios5.zip
2026-05-20 17:38:52  INFO         ok (skip)    Socios6.zip
2026-05-20 17:38:52  INFO         ok (skip)    Socios7.zip
2026-05-20 17:38:52  INFO         ok (skip)    Socios8.zip
2026-05-20 17:38:52  INFO         ok (skip)    Socios9.zip
2026-05-20 17:38:52  INFO       [2023-07]  pasta=2023-07-17  37 ZIP(s):
2026-05-20 17:38:52  INFO         BAIXAR       Cnaes.zip
2026-05-20 17:38:52  INFO         ok (skip)    Empresas0.zip
2026-05-20 17:38:52  INFO         ok (skip)    Empresas1.zip
2026-05-20 17:38:52  INFO         ok (skip)    Empresas2.zip
2026-05-20 17:38:52  INFO         ok (skip)    Empresas3.zip
2026-05-20 17:38:52  INFO         ok (skip)    Empresas4.zip
2026-05-20 17:38:52  INFO         ok (skip)    Empresas5.zip
2026-05-20 17:38:52  INFO         ok (skip)    Empresas6.zip
2026-05-20 17:38:52  INFO         ok (skip)    Empresas7.zip
2026-05-20 17:38:52  INFO         ok (skip)    Empresas8.zip
2026-05-20 17:38:52  INFO         ok (skip)    Empresas9.zip
2026-05-20 17:38:52  INFO         ok (skip)    Estabelecimentos0.zip
2026-05-20 17:38:52  INFO         ok (skip)    Estabelecimentos1.zip
2026-05-20 17:38:52  INFO         ok (skip)    Estabelecimentos2.zip
2026-05-20 17:38:52  INFO         ok (skip)    Estabelecimentos3.zip
2026-05-20 17:38:52  INFO         ok (skip)    Estabelecimentos4.zip
2026-05-20 17:38:52  INFO         ok (skip)    Estabelecimentos5.zip
2026-05-20 17:38:52  INFO         ok (skip)    Estabelecimentos6.zip
2026-05-20 17:38:52  INFO         ok (skip)    Estabelecimentos7.zip
2026-05-20 17:38:52  INFO         ok (skip)    Estabelecimentos8.zip
2026-05-20 17:38:52  INFO         ok (skip)    Estabelecimentos9.zip
2026-05-20 17:38:52  INFO         BAIXAR       Motivos.zip
2026-05-20 17:38:52  INFO         BAIXAR       Municipios.zip
2026-05-20 17:38:52  INFO         BAIXAR       Naturezas.zip
2026-05-20 17:38:52  INFO         BAIXAR       Paises.zip
2026-05-20 17:38:52  INFO         BAIXAR       Qualificacoes.zip
2026-05-20 17:38:52  INFO         BAIXAR       Simples.zip
2026-05-20 17:38:52  INFO         ok (skip)    Socios0.zip
2026-05-20 17:38:52  INFO         ok (skip)    Socios1.zip
2026-05-20 17:38:52  INFO         ok (skip)    Socios2.zip
2026-05-20 17:38:52  INFO         ok (skip)    Socios3.zip
2026-05-20 17:38:52  INFO         ok (skip)    Socios4.zip
2026-05-20 17:38:52  INFO         ok (skip)    Socios5.zip
2026-05-20 17:38:52  INFO         ok (skip)    Socios6.zip
2026-05-20 17:38:52  INFO         ok (skip)    Socios7.zip
2026-05-20 17:38:52  INFO         ok (skip)    Socios8.zip
2026-05-20 17:38:52  INFO         ok (skip)    Socios9.zip
2026-05-20 17:38:53  INFO       [2023-08]  pasta=2023-08-21  37 ZIP(s):
2026-05-20 17:38:53  INFO         BAIXAR       Cnaes.zip
2026-05-20 17:38:53  INFO         ok (skip)    Empresas0.zip
2026-05-20 17:38:53  INFO         ok (skip)    Empresas1.zip
2026-05-20 17:38:53  INFO         ok (skip)    Empresas2.zip
2026-05-20 17:38:53  INFO         ok (skip)    Empresas3.zip
2026-05-20 17:38:53  INFO         ok (skip)    Empresas4.zip
2026-05-20 17:38:53  INFO         ok (skip)    Empresas5.zip
2026-05-20 17:38:53  INFO         ok (skip)    Empresas6.zip
2026-05-20 17:38:53  INFO         ok (skip)    Empresas7.zip
2026-05-20 17:38:53  INFO         ok (skip)    Empresas8.zip
2026-05-20 17:38:53  INFO         ok (skip)    Empresas9.zip
2026-05-20 17:38:53  INFO         ok (skip)    Estabelecimentos0.zip
2026-05-20 17:38:53  INFO         ok (skip)    Estabelecimentos1.zip
2026-05-20 17:38:53  INFO         ok (skip)    Estabelecimentos2.zip
2026-05-20 17:38:53  INFO         ok (skip)    Estabelecimentos3.zip
2026-05-20 17:38:53  INFO         ok (skip)    Estabelecimentos4.zip
2026-05-20 17:38:53  INFO         ok (skip)    Estabelecimentos5.zip
2026-05-20 17:38:53  INFO         ok (skip)    Estabelecimentos6.zip
2026-05-20 17:38:53  INFO         ok (skip)    Estabelecimentos7.zip
2026-05-20 17:38:53  INFO         ok (skip)    Estabelecimentos8.zip
2026-05-20 17:38:53  INFO         ok (skip)    Estabelecimentos9.zip
2026-05-20 17:38:53  INFO         BAIXAR       Motivos.zip
2026-05-20 17:38:53  INFO         BAIXAR       Municipios.zip
2026-05-20 17:38:53  INFO         BAIXAR       Naturezas.zip
2026-05-20 17:38:53  INFO         BAIXAR       Paises.zip
2026-05-20 17:38:53  INFO         BAIXAR       Qualificacoes.zip
2026-05-20 17:38:53  INFO         BAIXAR       Simples.zip
2026-05-20 17:38:53  INFO         ok (skip)    Socios0.zip
2026-05-20 17:38:53  INFO         ok (skip)    Socios1.zip
2026-05-20 17:38:53  INFO         ok (skip)    Socios2.zip
2026-05-20 17:38:53  INFO         ok (skip)    Socios3.zip
2026-05-20 17:38:53  INFO         ok (skip)    Socios4.zip
2026-05-20 17:38:53  INFO         ok (skip)    Socios5.zip
2026-05-20 17:38:53  INFO         ok (skip)    Socios6.zip
2026-05-20 17:38:53  INFO         ok (skip)    Socios7.zip
2026-05-20 17:38:53  INFO         ok (skip)    Socios8.zip
2026-05-20 17:38:53  INFO         ok (skip)    Socios9.zip
2026-05-20 17:38:53  INFO       [2023-09]  pasta=2023-09-15  37 ZIP(s):
2026-05-20 17:38:53  INFO         BAIXAR       Cnaes.zip
2026-05-20 17:38:53  INFO         ok (skip)    Empresas0.zip
2026-05-20 17:38:53  INFO         ok (skip)    Empresas1.zip
2026-05-20 17:38:53  INFO         ok (skip)    Empresas2.zip
2026-05-20 17:38:53  INFO         ok (skip)    Empresas3.zip
2026-05-20 17:38:53  INFO         ok (skip)    Empresas4.zip
2026-05-20 17:38:53  INFO         ok (skip)    Empresas5.zip
2026-05-20 17:38:53  INFO         ok (skip)    Empresas6.zip
2026-05-20 17:38:53  INFO         ok (skip)    Empresas7.zip
2026-05-20 17:38:53  INFO         ok (skip)    Empresas8.zip
2026-05-20 17:38:53  INFO         ok (skip)    Empresas9.zip
2026-05-20 17:38:53  INFO         ok (skip)    Estabelecimentos0.zip
2026-05-20 17:38:53  INFO         ok (skip)    Estabelecimentos1.zip
2026-05-20 17:38:53  INFO         ok (skip)    Estabelecimentos2.zip
2026-05-20 17:38:53  INFO         ok (skip)    Estabelecimentos3.zip
2026-05-20 17:38:53  INFO         ok (skip)    Estabelecimentos4.zip
2026-05-20 17:38:53  INFO         ok (skip)    Estabelecimentos5.zip
2026-05-20 17:38:53  INFO         ok (skip)    Estabelecimentos6.zip
2026-05-20 17:38:53  INFO         ok (skip)    Estabelecimentos7.zip
2026-05-20 17:38:53  INFO         ok (skip)    Estabelecimentos8.zip
2026-05-20 17:38:53  INFO         ok (skip)    Estabelecimentos9.zip
2026-05-20 17:38:53  INFO         BAIXAR       Motivos.zip
2026-05-20 17:38:53  INFO         BAIXAR       Municipios.zip
2026-05-20 17:38:53  INFO         BAIXAR       Naturezas.zip
2026-05-20 17:38:53  INFO         BAIXAR       Paises.zip
2026-05-20 17:38:53  INFO         BAIXAR       Qualificacoes.zip
2026-05-20 17:38:53  INFO         BAIXAR       Simples.zip
2026-05-20 17:38:53  INFO         ok (skip)    Socios0.zip
2026-05-20 17:38:53  INFO         ok (skip)    Socios1.zip
2026-05-20 17:38:53  INFO         ok (skip)    Socios2.zip
2026-05-20 17:38:53  INFO         ok (skip)    Socios3.zip
2026-05-20 17:38:53  INFO         ok (skip)    Socios4.zip
2026-05-20 17:38:53  INFO         ok (skip)    Socios5.zip
2026-05-20 17:38:53  INFO         ok (skip)    Socios6.zip
2026-05-20 17:38:53  INFO         ok (skip)    Socios7.zip
2026-05-20 17:38:53  INFO         ok (skip)    Socios8.zip
2026-05-20 17:38:53  INFO         ok (skip)    Socios9.zip
2026-05-20 17:38:53  INFO       [2023-10]  pasta=2023-10-18  37 ZIP(s):
2026-05-20 17:38:53  INFO         BAIXAR       Cnaes.zip
2026-05-20 17:38:53  INFO         ok (skip)    Empresas0.zip
2026-05-20 17:38:53  INFO         ok (skip)    Empresas1.zip
2026-05-20 17:38:53  INFO         ok (skip)    Empresas2.zip
2026-05-20 17:38:53  INFO         ok (skip)    Empresas3.zip
2026-05-20 17:38:53  INFO         ok (skip)    Empresas4.zip
2026-05-20 17:38:53  INFO         ok (skip)    Empresas5.zip
2026-05-20 17:38:53  INFO         ok (skip)    Empresas6.zip
2026-05-20 17:38:53  INFO         ok (skip)    Empresas7.zip
2026-05-20 17:38:53  INFO         ok (skip)    Empresas8.zip
2026-05-20 17:38:53  INFO         ok (skip)    Empresas9.zip
2026-05-20 17:38:53  INFO         ok (skip)    Estabelecimentos0.zip
2026-05-20 17:38:53  INFO         ok (skip)    Estabelecimentos1.zip
2026-05-20 17:38:53  INFO         ok (skip)    Estabelecimentos2.zip
2026-05-20 17:38:53  INFO         ok (skip)    Estabelecimentos3.zip
2026-05-20 17:38:53  INFO         ok (skip)    Estabelecimentos4.zip
2026-05-20 17:38:53  INFO         ok (skip)    Estabelecimentos5.zip
2026-05-20 17:38:53  INFO         ok (skip)    Estabelecimentos6.zip
2026-05-20 17:38:53  INFO         ok (skip)    Estabelecimentos7.zip
2026-05-20 17:38:53  INFO         ok (skip)    Estabelecimentos8.zip
2026-05-20 17:38:53  INFO         ok (skip)    Estabelecimentos9.zip
2026-05-20 17:38:53  INFO         BAIXAR       Motivos.zip
2026-05-20 17:38:53  INFO         BAIXAR       Municipios.zip
2026-05-20 17:38:53  INFO         BAIXAR       Naturezas.zip
2026-05-20 17:38:53  INFO         BAIXAR       Paises.zip
2026-05-20 17:38:53  INFO         BAIXAR       Qualificacoes.zip
2026-05-20 17:38:53  INFO         BAIXAR       Simples.zip
2026-05-20 17:38:53  INFO         ok (skip)    Socios0.zip
2026-05-20 17:38:53  INFO         ok (skip)    Socios1.zip
2026-05-20 17:38:53  INFO         ok (skip)    Socios2.zip
2026-05-20 17:38:53  INFO         ok (skip)    Socios3.zip
2026-05-20 17:38:53  INFO         ok (skip)    Socios4.zip
2026-05-20 17:38:53  INFO         ok (skip)    Socios5.zip
2026-05-20 17:38:53  INFO         ok (skip)    Socios6.zip
2026-05-20 17:38:53  INFO         ok (skip)    Socios7.zip
2026-05-20 17:38:53  INFO         ok (skip)    Socios8.zip
2026-05-20 17:38:53  INFO         ok (skip)    Socios9.zip
2026-05-20 17:38:53  INFO       [2023-11]  pasta=2023-11-16  37 ZIP(s):
2026-05-20 17:38:53  INFO         BAIXAR       Cnaes.zip
2026-05-20 17:38:53  INFO         ok (skip)    Empresas0.zip
2026-05-20 17:38:53  INFO         ok (skip)    Empresas1.zip
2026-05-20 17:38:53  INFO         ok (skip)    Empresas2.zip
2026-05-20 17:38:53  INFO         ok (skip)    Empresas3.zip
2026-05-20 17:38:53  INFO         ok (skip)    Empresas4.zip
2026-05-20 17:38:53  INFO         ok (skip)    Empresas5.zip
2026-05-20 17:38:53  INFO         ok (skip)    Empresas6.zip
2026-05-20 17:38:53  INFO         ok (skip)    Empresas7.zip
2026-05-20 17:38:53  INFO         ok (skip)    Empresas8.zip
2026-05-20 17:38:53  INFO         ok (skip)    Empresas9.zip
2026-05-20 17:38:53  INFO         ok (skip)    Estabelecimentos0.zip
2026-05-20 17:38:53  INFO         ok (skip)    Estabelecimentos1.zip
2026-05-20 17:38:53  INFO         ok (skip)    Estabelecimentos2.zip
2026-05-20 17:38:53  INFO         ok (skip)    Estabelecimentos3.zip
2026-05-20 17:38:53  INFO         ok (skip)    Estabelecimentos4.zip
2026-05-20 17:38:53  INFO         ok (skip)    Estabelecimentos5.zip
2026-05-20 17:38:53  INFO         ok (skip)    Estabelecimentos6.zip
2026-05-20 17:38:53  INFO         ok (skip)    Estabelecimentos7.zip
2026-05-20 17:38:53  INFO         ok (skip)    Estabelecimentos8.zip
2026-05-20 17:38:53  INFO         ok (skip)    Estabelecimentos9.zip
2026-05-20 17:38:53  INFO         BAIXAR       Motivos.zip
2026-05-20 17:38:53  INFO         BAIXAR       Municipios.zip
2026-05-20 17:38:53  INFO         BAIXAR       Naturezas.zip
2026-05-20 17:38:53  INFO         BAIXAR       Paises.zip
2026-05-20 17:38:53  INFO         BAIXAR       Qualificacoes.zip
2026-05-20 17:38:53  INFO         BAIXAR       Simples.zip
2026-05-20 17:38:53  INFO         ok (skip)    Socios0.zip
2026-05-20 17:38:53  INFO         ok (skip)    Socios1.zip
2026-05-20 17:38:53  INFO         ok (skip)    Socios2.zip
2026-05-20 17:38:53  INFO         ok (skip)    Socios3.zip
2026-05-20 17:38:53  INFO         ok (skip)    Socios4.zip
2026-05-20 17:38:53  INFO         ok (skip)    Socios5.zip
2026-05-20 17:38:53  INFO         ok (skip)    Socios6.zip
2026-05-20 17:38:53  INFO         ok (skip)    Socios7.zip
2026-05-20 17:38:53  INFO         ok (skip)    Socios8.zip
2026-05-20 17:38:53  INFO         ok (skip)    Socios9.zip
2026-05-20 17:38:53  INFO       [2023-12]  pasta=2023-12-11  37 ZIP(s):
2026-05-20 17:38:53  INFO         BAIXAR       Cnaes.zip
2026-05-20 17:38:53  INFO         ok (skip)    Empresas0.zip
2026-05-20 17:38:53  INFO         ok (skip)    Empresas1.zip
2026-05-20 17:38:53  INFO         ok (skip)    Empresas2.zip
2026-05-20 17:38:53  INFO         ok (skip)    Empresas3.zip
2026-05-20 17:38:53  INFO         ok (skip)    Empresas4.zip
2026-05-20 17:38:53  INFO         ok (skip)    Empresas5.zip
2026-05-20 17:38:53  INFO         ok (skip)    Empresas6.zip
2026-05-20 17:38:53  INFO         ok (skip)    Empresas7.zip
2026-05-20 17:38:53  INFO         ok (skip)    Empresas8.zip
2026-05-20 17:38:53  INFO         ok (skip)    Empresas9.zip
2026-05-20 17:38:53  INFO         ok (skip)    Estabelecimentos0.zip
2026-05-20 17:38:53  INFO         ok (skip)    Estabelecimentos1.zip
2026-05-20 17:38:53  INFO         ok (skip)    Estabelecimentos2.zip
2026-05-20 17:38:53  INFO         ok (skip)    Estabelecimentos3.zip
2026-05-20 17:38:53  INFO         ok (skip)    Estabelecimentos4.zip
2026-05-20 17:38:53  INFO         ok (skip)    Estabelecimentos5.zip
2026-05-20 17:38:53  INFO         ok (skip)    Estabelecimentos6.zip
2026-05-20 17:38:53  INFO         ok (skip)    Estabelecimentos7.zip
2026-05-20 17:38:53  INFO         ok (skip)    Estabelecimentos8.zip
2026-05-20 17:38:53  INFO         ok (skip)    Estabelecimentos9.zip
2026-05-20 17:38:53  INFO         BAIXAR       Motivos.zip
2026-05-20 17:38:53  INFO         BAIXAR       Municipios.zip
2026-05-20 17:38:53  INFO         BAIXAR       Naturezas.zip
2026-05-20 17:38:53  INFO         BAIXAR       Paises.zip
2026-05-20 17:38:53  INFO         BAIXAR       Qualificacoes.zip
2026-05-20 17:38:53  INFO         BAIXAR       Simples.zip
2026-05-20 17:38:53  INFO         ok (skip)    Socios0.zip
2026-05-20 17:38:53  INFO         ok (skip)    Socios1.zip
2026-05-20 17:38:53  INFO         ok (skip)    Socios2.zip
2026-05-20 17:38:53  INFO         ok (skip)    Socios3.zip
2026-05-20 17:38:53  INFO         ok (skip)    Socios4.zip
2026-05-20 17:38:53  INFO         ok (skip)    Socios5.zip
2026-05-20 17:38:53  INFO         ok (skip)    Socios6.zip
2026-05-20 17:38:53  INFO         ok (skip)    Socios7.zip
2026-05-20 17:38:53  INFO         ok (skip)    Socios8.zip
2026-05-20 17:38:53  INFO         ok (skip)    Socios9.zip
2026-05-20 17:38:54  INFO       [2024-01]  pasta=2024-01-16  37 ZIP(s):
2026-05-20 17:38:54  INFO         BAIXAR       Cnaes.zip
2026-05-20 17:38:54  INFO         ok (skip)    Empresas0.zip
2026-05-20 17:38:54  INFO         ok (skip)    Empresas1.zip
2026-05-20 17:38:54  INFO         ok (skip)    Empresas2.zip
2026-05-20 17:38:54  INFO         ok (skip)    Empresas3.zip
2026-05-20 17:38:54  INFO         ok (skip)    Empresas4.zip
2026-05-20 17:38:54  INFO         ok (skip)    Empresas5.zip
2026-05-20 17:38:54  INFO         ok (skip)    Empresas6.zip
2026-05-20 17:38:54  INFO         ok (skip)    Empresas7.zip
2026-05-20 17:38:54  INFO         ok (skip)    Empresas8.zip
2026-05-20 17:38:54  INFO         ok (skip)    Empresas9.zip
2026-05-20 17:38:54  INFO         ok (skip)    Estabelecimentos0.zip
2026-05-20 17:38:54  INFO         ok (skip)    Estabelecimentos1.zip
2026-05-20 17:38:54  INFO         ok (skip)    Estabelecimentos2.zip
2026-05-20 17:38:54  INFO         ok (skip)    Estabelecimentos3.zip
2026-05-20 17:38:54  INFO         ok (skip)    Estabelecimentos4.zip
2026-05-20 17:38:54  INFO         ok (skip)    Estabelecimentos5.zip
2026-05-20 17:38:54  INFO         ok (skip)    Estabelecimentos6.zip
2026-05-20 17:38:54  INFO         ok (skip)    Estabelecimentos7.zip
2026-05-20 17:38:54  INFO         ok (skip)    Estabelecimentos8.zip
2026-05-20 17:38:54  INFO         ok (skip)    Estabelecimentos9.zip
2026-05-20 17:38:54  INFO         BAIXAR       Motivos.zip
2026-05-20 17:38:54  INFO         BAIXAR       Municipios.zip
2026-05-20 17:38:54  INFO         BAIXAR       Naturezas.zip
2026-05-20 17:38:54  INFO         BAIXAR       Paises.zip
2026-05-20 17:38:54  INFO         BAIXAR       Qualificacoes.zip
2026-05-20 17:38:54  INFO         BAIXAR       Simples.zip
2026-05-20 17:38:54  INFO         ok (skip)    Socios0.zip
2026-05-20 17:38:54  INFO         ok (skip)    Socios1.zip
2026-05-20 17:38:54  INFO         ok (skip)    Socios2.zip
2026-05-20 17:38:54  INFO         ok (skip)    Socios3.zip
2026-05-20 17:38:54  INFO         ok (skip)    Socios4.zip
2026-05-20 17:38:54  INFO         ok (skip)    Socios5.zip
2026-05-20 17:38:54  INFO         ok (skip)    Socios6.zip
2026-05-20 17:38:54  INFO         ok (skip)    Socios7.zip
2026-05-20 17:38:54  INFO         ok (skip)    Socios8.zip
2026-05-20 17:38:54  INFO         ok (skip)    Socios9.zip
2026-05-20 17:38:54  INFO       [2024-02]  pasta=2024-02-16  37 ZIP(s):
2026-05-20 17:38:54  INFO         BAIXAR       Cnaes.zip
2026-05-20 17:38:54  INFO         ok (skip)    Empresas0.zip
2026-05-20 17:38:54  INFO         ok (skip)    Empresas1.zip
2026-05-20 17:38:54  INFO         ok (skip)    Empresas2.zip
2026-05-20 17:38:54  INFO         ok (skip)    Empresas3.zip
2026-05-20 17:38:54  INFO         ok (skip)    Empresas4.zip
2026-05-20 17:38:54  INFO         ok (skip)    Empresas5.zip
2026-05-20 17:38:54  INFO         ok (skip)    Empresas6.zip
2026-05-20 17:38:54  INFO         ok (skip)    Empresas7.zip
2026-05-20 17:38:54  INFO         ok (skip)    Empresas8.zip
2026-05-20 17:38:54  INFO         ok (skip)    Empresas9.zip
2026-05-20 17:38:54  INFO         ok (skip)    Estabelecimentos0.zip
2026-05-20 17:38:54  INFO         ok (skip)    Estabelecimentos1.zip
2026-05-20 17:38:54  INFO         ok (skip)    Estabelecimentos2.zip
2026-05-20 17:38:54  INFO         ok (skip)    Estabelecimentos3.zip
2026-05-20 17:38:54  INFO         ok (skip)    Estabelecimentos4.zip
2026-05-20 17:38:54  INFO         ok (skip)    Estabelecimentos5.zip
2026-05-20 17:38:54  INFO         ok (skip)    Estabelecimentos6.zip
2026-05-20 17:38:54  INFO         ok (skip)    Estabelecimentos7.zip
2026-05-20 17:38:54  INFO         ok (skip)    Estabelecimentos8.zip
2026-05-20 17:38:54  INFO         ok (skip)    Estabelecimentos9.zip
2026-05-20 17:38:54  INFO         BAIXAR       Motivos.zip
2026-05-20 17:38:54  INFO         BAIXAR       Municipios.zip
2026-05-20 17:38:54  INFO         BAIXAR       Naturezas.zip
2026-05-20 17:38:54  INFO         BAIXAR       Paises.zip
2026-05-20 17:38:54  INFO         BAIXAR       Qualificacoes.zip
2026-05-20 17:38:54  INFO         BAIXAR       Simples.zip
2026-05-20 17:38:54  INFO         ok (skip)    Socios0.zip
2026-05-20 17:38:54  INFO         ok (skip)    Socios1.zip
2026-05-20 17:38:54  INFO         ok (skip)    Socios2.zip
2026-05-20 17:38:54  INFO         ok (skip)    Socios3.zip
2026-05-20 17:38:54  INFO         ok (skip)    Socios4.zip
2026-05-20 17:38:54  INFO         ok (skip)    Socios5.zip
2026-05-20 17:38:54  INFO         ok (skip)    Socios6.zip
2026-05-20 17:38:54  INFO         ok (skip)    Socios7.zip
2026-05-20 17:38:54  INFO         ok (skip)    Socios8.zip
2026-05-20 17:38:54  INFO         ok (skip)    Socios9.zip
2026-05-20 17:38:54  INFO       [2024-03]  pasta=2024-03-15  37 ZIP(s):
2026-05-20 17:38:54  INFO         BAIXAR       Cnaes.zip
2026-05-20 17:38:54  INFO         ok (skip)    Empresas0.zip
2026-05-20 17:38:54  INFO         ok (skip)    Empresas1.zip
2026-05-20 17:38:54  INFO         ok (skip)    Empresas2.zip
2026-05-20 17:38:54  INFO         ok (skip)    Empresas3.zip
2026-05-20 17:38:54  INFO         ok (skip)    Empresas4.zip
2026-05-20 17:38:54  INFO         ok (skip)    Empresas5.zip
2026-05-20 17:38:54  INFO         ok (skip)    Empresas6.zip
2026-05-20 17:38:54  INFO         ok (skip)    Empresas7.zip
2026-05-20 17:38:54  INFO         ok (skip)    Empresas8.zip
2026-05-20 17:38:54  INFO         ok (skip)    Empresas9.zip
2026-05-20 17:38:54  INFO         ok (skip)    Estabelecimentos0.zip
2026-05-20 17:38:54  INFO         ok (skip)    Estabelecimentos1.zip
2026-05-20 17:38:54  INFO         ok (skip)    Estabelecimentos2.zip
2026-05-20 17:38:54  INFO         ok (skip)    Estabelecimentos3.zip
2026-05-20 17:38:54  INFO         ok (skip)    Estabelecimentos4.zip
2026-05-20 17:38:54  INFO         ok (skip)    Estabelecimentos5.zip
2026-05-20 17:38:54  INFO         ok (skip)    Estabelecimentos6.zip
2026-05-20 17:38:54  INFO         ok (skip)    Estabelecimentos7.zip
2026-05-20 17:38:54  INFO         ok (skip)    Estabelecimentos8.zip
2026-05-20 17:38:54  INFO         ok (skip)    Estabelecimentos9.zip
2026-05-20 17:38:54  INFO         BAIXAR       Motivos.zip
2026-05-20 17:38:54  INFO         BAIXAR       Municipios.zip
2026-05-20 17:38:54  INFO         BAIXAR       Naturezas.zip
2026-05-20 17:38:54  INFO         BAIXAR       Paises.zip
2026-05-20 17:38:54  INFO         BAIXAR       Qualificacoes.zip
2026-05-20 17:38:54  INFO         BAIXAR       Simples.zip
2026-05-20 17:38:54  INFO         ok (skip)    Socios0.zip
2026-05-20 17:38:54  INFO         ok (skip)    Socios1.zip
2026-05-20 17:38:54  INFO         ok (skip)    Socios2.zip
2026-05-20 17:38:54  INFO         ok (skip)    Socios3.zip
2026-05-20 17:38:54  INFO         ok (skip)    Socios4.zip
2026-05-20 17:38:54  INFO         ok (skip)    Socios5.zip
2026-05-20 17:38:54  INFO         ok (skip)    Socios6.zip
2026-05-20 17:38:54  INFO         ok (skip)    Socios7.zip
2026-05-20 17:38:54  INFO         ok (skip)    Socios8.zip
2026-05-20 17:38:54  INFO         ok (skip)    Socios9.zip
2026-05-20 17:38:54  INFO       [2024-04]  pasta=2024-04-17  37 ZIP(s):
2026-05-20 17:38:54  INFO         BAIXAR       Cnaes.zip
2026-05-20 17:38:54  INFO         ok (skip)    Empresas0.zip
2026-05-20 17:38:54  INFO         ok (skip)    Empresas1.zip
2026-05-20 17:38:54  INFO         ok (skip)    Empresas2.zip
2026-05-20 17:38:54  INFO         ok (skip)    Empresas3.zip
2026-05-20 17:38:54  INFO         ok (skip)    Empresas4.zip
2026-05-20 17:38:54  INFO         ok (skip)    Empresas5.zip
2026-05-20 17:38:54  INFO         ok (skip)    Empresas6.zip
2026-05-20 17:38:54  INFO         ok (skip)    Empresas7.zip
2026-05-20 17:38:54  INFO         ok (skip)    Empresas8.zip
2026-05-20 17:38:54  INFO         ok (skip)    Empresas9.zip
2026-05-20 17:38:54  INFO         ok (skip)    Estabelecimentos0.zip
2026-05-20 17:38:54  INFO         ok (skip)    Estabelecimentos1.zip
2026-05-20 17:38:54  INFO         ok (skip)    Estabelecimentos2.zip
2026-05-20 17:38:54  INFO         ok (skip)    Estabelecimentos3.zip
2026-05-20 17:38:54  INFO         ok (skip)    Estabelecimentos4.zip
2026-05-20 17:38:54  INFO         ok (skip)    Estabelecimentos5.zip
2026-05-20 17:38:54  INFO         ok (skip)    Estabelecimentos6.zip
2026-05-20 17:38:54  INFO         ok (skip)    Estabelecimentos7.zip
2026-05-20 17:38:54  INFO         ok (skip)    Estabelecimentos8.zip
2026-05-20 17:38:54  INFO         ok (skip)    Estabelecimentos9.zip
2026-05-20 17:38:54  INFO         BAIXAR       Motivos.zip
2026-05-20 17:38:54  INFO         BAIXAR       Municipios.zip
2026-05-20 17:38:54  INFO         BAIXAR       Naturezas.zip
2026-05-20 17:38:54  INFO         BAIXAR       Paises.zip
2026-05-20 17:38:54  INFO         BAIXAR       Qualificacoes.zip
2026-05-20 17:38:54  INFO         BAIXAR       Simples.zip
2026-05-20 17:38:54  INFO         ok (skip)    Socios0.zip
2026-05-20 17:38:54  INFO         ok (skip)    Socios1.zip
2026-05-20 17:38:54  INFO         ok (skip)    Socios2.zip
2026-05-20 17:38:54  INFO         ok (skip)    Socios3.zip
2026-05-20 17:38:54  INFO         ok (skip)    Socios4.zip
2026-05-20 17:38:54  INFO         ok (skip)    Socios5.zip
2026-05-20 17:38:54  INFO         ok (skip)    Socios6.zip
2026-05-20 17:38:54  INFO         ok (skip)    Socios7.zip
2026-05-20 17:38:54  INFO         ok (skip)    Socios8.zip
2026-05-20 17:38:54  INFO         ok (skip)    Socios9.zip
2026-05-20 17:38:54  INFO       [2024-05]  pasta=2024-05-24  37 ZIP(s):
2026-05-20 17:38:54  INFO         BAIXAR       Cnaes.zip
2026-05-20 17:38:54  INFO         ok (skip)    Empresas0.zip
2026-05-20 17:38:54  INFO         ok (skip)    Empresas1.zip
2026-05-20 17:38:54  INFO         ok (skip)    Empresas2.zip
2026-05-20 17:38:54  INFO         ok (skip)    Empresas3.zip
2026-05-20 17:38:54  INFO         ok (skip)    Empresas4.zip
2026-05-20 17:38:54  INFO         ok (skip)    Empresas5.zip
2026-05-20 17:38:54  INFO         ok (skip)    Empresas6.zip
2026-05-20 17:38:54  INFO         ok (skip)    Empresas7.zip
2026-05-20 17:38:54  INFO         ok (skip)    Empresas8.zip
2026-05-20 17:38:54  INFO         ok (skip)    Empresas9.zip
2026-05-20 17:38:54  INFO         ok (skip)    Estabelecimentos0.zip
2026-05-20 17:38:54  INFO         ok (skip)    Estabelecimentos1.zip
2026-05-20 17:38:54  INFO         ok (skip)    Estabelecimentos2.zip
2026-05-20 17:38:54  INFO         ok (skip)    Estabelecimentos3.zip
2026-05-20 17:38:54  INFO         ok (skip)    Estabelecimentos4.zip
2026-05-20 17:38:54  INFO         ok (skip)    Estabelecimentos5.zip
2026-05-20 17:38:54  INFO         ok (skip)    Estabelecimentos6.zip
2026-05-20 17:38:54  INFO         ok (skip)    Estabelecimentos7.zip
2026-05-20 17:38:54  INFO         ok (skip)    Estabelecimentos8.zip
2026-05-20 17:38:54  INFO         ok (skip)    Estabelecimentos9.zip
2026-05-20 17:38:54  INFO         BAIXAR       Motivos.zip
2026-05-20 17:38:54  INFO         BAIXAR       Municipios.zip
2026-05-20 17:38:54  INFO         BAIXAR       Naturezas.zip
2026-05-20 17:38:54  INFO         BAIXAR       Paises.zip
2026-05-20 17:38:54  INFO         BAIXAR       Qualificacoes.zip
2026-05-20 17:38:54  INFO         BAIXAR       Simples.zip
2026-05-20 17:38:54  INFO         ok (skip)    Socios0.zip
2026-05-20 17:38:54  INFO         ok (skip)    Socios1.zip
2026-05-20 17:38:54  INFO         ok (skip)    Socios2.zip
2026-05-20 17:38:54  INFO         ok (skip)    Socios3.zip
2026-05-20 17:38:54  INFO         ok (skip)    Socios4.zip
2026-05-20 17:38:54  INFO         ok (skip)    Socios5.zip
2026-05-20 17:38:54  INFO         ok (skip)    Socios6.zip
2026-05-20 17:38:54  INFO         ok (skip)    Socios7.zip
2026-05-20 17:38:54  INFO         ok (skip)    Socios8.zip
2026-05-20 17:38:54  INFO         ok (skip)    Socios9.zip
2026-05-20 17:38:55  INFO       [2024-06]  pasta=2024-06-09  37 ZIP(s):
2026-05-20 17:38:55  INFO         BAIXAR       Cnaes.zip
2026-05-20 17:38:55  INFO         ok (skip)    Empresas0.zip
2026-05-20 17:38:55  INFO         ok (skip)    Empresas1.zip
2026-05-20 17:38:55  INFO         ok (skip)    Empresas2.zip
2026-05-20 17:38:55  INFO         ok (skip)    Empresas3.zip
2026-05-20 17:38:55  INFO         ok (skip)    Empresas4.zip
2026-05-20 17:38:55  INFO         ok (skip)    Empresas5.zip
2026-05-20 17:38:55  INFO         ok (skip)    Empresas6.zip
2026-05-20 17:38:55  INFO         ok (skip)    Empresas7.zip
2026-05-20 17:38:55  INFO         ok (skip)    Empresas8.zip
2026-05-20 17:38:55  INFO         ok (skip)    Empresas9.zip
2026-05-20 17:38:55  INFO         ok (skip)    Estabelecimentos0.zip
2026-05-20 17:38:55  INFO         ok (skip)    Estabelecimentos1.zip
2026-05-20 17:38:55  INFO         ok (skip)    Estabelecimentos2.zip
2026-05-20 17:38:55  INFO         ok (skip)    Estabelecimentos3.zip
2026-05-20 17:38:55  INFO         ok (skip)    Estabelecimentos4.zip
2026-05-20 17:38:55  INFO         ok (skip)    Estabelecimentos5.zip
2026-05-20 17:38:55  INFO         ok (skip)    Estabelecimentos6.zip
2026-05-20 17:38:55  INFO         ok (skip)    Estabelecimentos7.zip
2026-05-20 17:38:55  INFO         ok (skip)    Estabelecimentos8.zip
2026-05-20 17:38:55  INFO         ok (skip)    Estabelecimentos9.zip
2026-05-20 17:38:55  INFO         BAIXAR       Motivos.zip
2026-05-20 17:38:55  INFO         BAIXAR       Municipios.zip
2026-05-20 17:38:55  INFO         BAIXAR       Naturezas.zip
2026-05-20 17:38:55  INFO         BAIXAR       Paises.zip
2026-05-20 17:38:55  INFO         BAIXAR       Qualificacoes.zip
2026-05-20 17:38:55  INFO         BAIXAR       Simples.zip
2026-05-20 17:38:55  INFO         ok (skip)    Socios0.zip
2026-05-20 17:38:55  INFO         ok (skip)    Socios1.zip
2026-05-20 17:38:55  INFO         ok (skip)    Socios2.zip
2026-05-20 17:38:55  INFO         ok (skip)    Socios3.zip
2026-05-20 17:38:55  INFO         ok (skip)    Socios4.zip
2026-05-20 17:38:55  INFO         ok (skip)    Socios5.zip
2026-05-20 17:38:55  INFO         ok (skip)    Socios6.zip
2026-05-20 17:38:55  INFO         ok (skip)    Socios7.zip
2026-05-20 17:38:55  INFO         ok (skip)    Socios8.zip
2026-05-20 17:38:55  INFO         ok (skip)    Socios9.zip
2026-05-20 17:38:55  INFO       [2024-07]  pasta=2024-07-19  37 ZIP(s):
2026-05-20 17:38:55  INFO         BAIXAR       Cnaes.zip
2026-05-20 17:38:55  INFO         ok (skip)    Empresas0.zip
2026-05-20 17:38:55  INFO         ok (skip)    Empresas1.zip
2026-05-20 17:38:55  INFO         ok (skip)    Empresas2.zip
2026-05-20 17:38:55  INFO         ok (skip)    Empresas3.zip
2026-05-20 17:38:55  INFO         ok (skip)    Empresas4.zip
2026-05-20 17:38:55  INFO         ok (skip)    Empresas5.zip
2026-05-20 17:38:55  INFO         ok (skip)    Empresas6.zip
2026-05-20 17:38:55  INFO         ok (skip)    Empresas7.zip
2026-05-20 17:38:55  INFO         ok (skip)    Empresas8.zip
2026-05-20 17:38:55  INFO         ok (skip)    Empresas9.zip
2026-05-20 17:38:55  INFO         ok (skip)    Estabelecimentos0.zip
2026-05-20 17:38:55  INFO         ok (skip)    Estabelecimentos1.zip
2026-05-20 17:38:55  INFO         ok (skip)    Estabelecimentos2.zip
2026-05-20 17:38:55  INFO         ok (skip)    Estabelecimentos3.zip
2026-05-20 17:38:55  INFO         ok (skip)    Estabelecimentos4.zip
2026-05-20 17:38:55  INFO         ok (skip)    Estabelecimentos5.zip
2026-05-20 17:38:55  INFO         ok (skip)    Estabelecimentos6.zip
2026-05-20 17:38:55  INFO         ok (skip)    Estabelecimentos7.zip
2026-05-20 17:38:55  INFO         ok (skip)    Estabelecimentos8.zip
2026-05-20 17:38:55  INFO         ok (skip)    Estabelecimentos9.zip
2026-05-20 17:38:55  INFO         BAIXAR       Motivos.zip
2026-05-20 17:38:55  INFO         BAIXAR       Municipios.zip
2026-05-20 17:38:55  INFO         BAIXAR       Naturezas.zip
2026-05-20 17:38:55  INFO         BAIXAR       Paises.zip
2026-05-20 17:38:55  INFO         BAIXAR       Qualificacoes.zip
2026-05-20 17:38:55  INFO         BAIXAR       Simples.zip
2026-05-20 17:38:55  INFO         ok (skip)    Socios0.zip
2026-05-20 17:38:55  INFO         ok (skip)    Socios1.zip
2026-05-20 17:38:55  INFO         ok (skip)    Socios2.zip
2026-05-20 17:38:55  INFO         ok (skip)    Socios3.zip
2026-05-20 17:38:55  INFO         ok (skip)    Socios4.zip
2026-05-20 17:38:55  INFO         ok (skip)    Socios5.zip
2026-05-20 17:38:55  INFO         ok (skip)    Socios6.zip
2026-05-20 17:38:55  INFO         ok (skip)    Socios7.zip
2026-05-20 17:38:55  INFO         ok (skip)    Socios8.zip
2026-05-20 17:38:55  INFO         ok (skip)    Socios9.zip
2026-05-20 17:38:55  INFO       [2024-08]  pasta=2024-08-14  37 ZIP(s):
2026-05-20 17:38:55  INFO         BAIXAR       Cnaes.zip
2026-05-20 17:38:55  INFO         ok (skip)    Empresas0.zip
2026-05-20 17:38:55  INFO         ok (skip)    Empresas1.zip
2026-05-20 17:38:55  INFO         ok (skip)    Empresas2.zip
2026-05-20 17:38:55  INFO         ok (skip)    Empresas3.zip
2026-05-20 17:38:55  INFO         ok (skip)    Empresas4.zip
2026-05-20 17:38:55  INFO         ok (skip)    Empresas5.zip
2026-05-20 17:38:55  INFO         ok (skip)    Empresas6.zip
2026-05-20 17:38:55  INFO         ok (skip)    Empresas7.zip
2026-05-20 17:38:55  INFO         ok (skip)    Empresas8.zip
2026-05-20 17:38:55  INFO         ok (skip)    Empresas9.zip
2026-05-20 17:38:55  INFO         ok (skip)    Estabelecimentos0.zip
2026-05-20 17:38:55  INFO         ok (skip)    Estabelecimentos1.zip
2026-05-20 17:38:55  INFO         ok (skip)    Estabelecimentos2.zip
2026-05-20 17:38:55  INFO         ok (skip)    Estabelecimentos3.zip
2026-05-20 17:38:55  INFO         ok (skip)    Estabelecimentos4.zip
2026-05-20 17:38:55  INFO         ok (skip)    Estabelecimentos5.zip
2026-05-20 17:38:55  INFO         ok (skip)    Estabelecimentos6.zip
2026-05-20 17:38:55  INFO         ok (skip)    Estabelecimentos7.zip
2026-05-20 17:38:55  INFO         ok (skip)    Estabelecimentos8.zip
2026-05-20 17:38:55  INFO         ok (skip)    Estabelecimentos9.zip
2026-05-20 17:38:55  INFO         BAIXAR       Motivos.zip
2026-05-20 17:38:55  INFO         BAIXAR       Municipios.zip
2026-05-20 17:38:55  INFO         BAIXAR       Naturezas.zip
2026-05-20 17:38:55  INFO         BAIXAR       Paises.zip
2026-05-20 17:38:55  INFO         BAIXAR       Qualificacoes.zip
2026-05-20 17:38:55  INFO         BAIXAR       Simples.zip
2026-05-20 17:38:55  INFO         ok (skip)    Socios0.zip
2026-05-20 17:38:55  INFO         ok (skip)    Socios1.zip
2026-05-20 17:38:55  INFO         ok (skip)    Socios2.zip
2026-05-20 17:38:55  INFO         ok (skip)    Socios3.zip
2026-05-20 17:38:55  INFO         ok (skip)    Socios4.zip
2026-05-20 17:38:55  INFO         ok (skip)    Socios5.zip
2026-05-20 17:38:55  INFO         ok (skip)    Socios6.zip
2026-05-20 17:38:55  INFO         ok (skip)    Socios7.zip
2026-05-20 17:38:55  INFO         ok (skip)    Socios8.zip
2026-05-20 17:38:55  INFO         ok (skip)    Socios9.zip
2026-05-20 17:38:55  INFO       [2024-09]  pasta=2024-09-18  37 ZIP(s):
2026-05-20 17:38:55  INFO         BAIXAR       Cnaes.zip
2026-05-20 17:38:55  INFO         ok (skip)    Empresas0.zip
2026-05-20 17:38:55  INFO         ok (skip)    Empresas1.zip
2026-05-20 17:38:55  INFO         ok (skip)    Empresas2.zip
2026-05-20 17:38:55  INFO         ok (skip)    Empresas3.zip
2026-05-20 17:38:55  INFO         ok (skip)    Empresas4.zip
2026-05-20 17:38:55  INFO         ok (skip)    Empresas5.zip
2026-05-20 17:38:55  INFO         ok (skip)    Empresas6.zip
2026-05-20 17:38:55  INFO         ok (skip)    Empresas7.zip
2026-05-20 17:38:55  INFO         ok (skip)    Empresas8.zip
2026-05-20 17:38:55  INFO         ok (skip)    Empresas9.zip
2026-05-20 17:38:55  INFO         ok (skip)    Estabelecimentos0.zip
2026-05-20 17:38:55  INFO         ok (skip)    Estabelecimentos1.zip
2026-05-20 17:38:55  INFO         ok (skip)    Estabelecimentos2.zip
2026-05-20 17:38:55  INFO         ok (skip)    Estabelecimentos3.zip
2026-05-20 17:38:55  INFO         ok (skip)    Estabelecimentos4.zip
2026-05-20 17:38:55  INFO         ok (skip)    Estabelecimentos5.zip
2026-05-20 17:38:55  INFO         ok (skip)    Estabelecimentos6.zip
2026-05-20 17:38:55  INFO         ok (skip)    Estabelecimentos7.zip
2026-05-20 17:38:55  INFO         ok (skip)    Estabelecimentos8.zip
2026-05-20 17:38:55  INFO         ok (skip)    Estabelecimentos9.zip
2026-05-20 17:38:55  INFO         BAIXAR       Motivos.zip
2026-05-20 17:38:55  INFO         BAIXAR       Municipios.zip
2026-05-20 17:38:55  INFO         BAIXAR       Naturezas.zip
2026-05-20 17:38:55  INFO         BAIXAR       Paises.zip
2026-05-20 17:38:55  INFO         BAIXAR       Qualificacoes.zip
2026-05-20 17:38:55  INFO         BAIXAR       Simples.zip
2026-05-20 17:38:55  INFO         ok (skip)    Socios0.zip
2026-05-20 17:38:55  INFO         ok (skip)    Socios1.zip
2026-05-20 17:38:55  INFO         ok (skip)    Socios2.zip
2026-05-20 17:38:55  INFO         ok (skip)    Socios3.zip
2026-05-20 17:38:55  INFO         ok (skip)    Socios4.zip
2026-05-20 17:38:55  INFO         ok (skip)    Socios5.zip
2026-05-20 17:38:55  INFO         ok (skip)    Socios6.zip
2026-05-20 17:38:55  INFO         ok (skip)    Socios7.zip
2026-05-20 17:38:55  INFO         ok (skip)    Socios8.zip
2026-05-20 17:38:55  INFO         ok (skip)    Socios9.zip
2026-05-20 17:38:55  INFO       [2024-10]  pasta=2024-10-16  37 ZIP(s):
2026-05-20 17:38:55  INFO         BAIXAR       Cnaes.zip
2026-05-20 17:38:55  INFO         ok (skip)    Empresas0.zip
2026-05-20 17:38:55  INFO         ok (skip)    Empresas1.zip
2026-05-20 17:38:55  INFO         ok (skip)    Empresas2.zip
2026-05-20 17:38:55  INFO         ok (skip)    Empresas3.zip
2026-05-20 17:38:55  INFO         ok (skip)    Empresas4.zip
2026-05-20 17:38:55  INFO         ok (skip)    Empresas5.zip
2026-05-20 17:38:55  INFO         ok (skip)    Empresas6.zip
2026-05-20 17:38:55  INFO         ok (skip)    Empresas7.zip
2026-05-20 17:38:55  INFO         ok (skip)    Empresas8.zip
2026-05-20 17:38:55  INFO         ok (skip)    Empresas9.zip
2026-05-20 17:38:55  INFO         ok (skip)    Estabelecimentos0.zip
2026-05-20 17:38:55  INFO         ok (skip)    Estabelecimentos1.zip
2026-05-20 17:38:55  INFO         ok (skip)    Estabelecimentos2.zip
2026-05-20 17:38:55  INFO         ok (skip)    Estabelecimentos3.zip
2026-05-20 17:38:55  INFO         ok (skip)    Estabelecimentos4.zip
2026-05-20 17:38:55  INFO         ok (skip)    Estabelecimentos5.zip
2026-05-20 17:38:55  INFO         ok (skip)    Estabelecimentos6.zip
2026-05-20 17:38:55  INFO         ok (skip)    Estabelecimentos7.zip
2026-05-20 17:38:55  INFO         ok (skip)    Estabelecimentos8.zip
2026-05-20 17:38:55  INFO         ok (skip)    Estabelecimentos9.zip
2026-05-20 17:38:55  INFO         BAIXAR       Motivos.zip
2026-05-20 17:38:55  INFO         BAIXAR       Municipios.zip
2026-05-20 17:38:55  INFO         BAIXAR       Naturezas.zip
2026-05-20 17:38:55  INFO         BAIXAR       Paises.zip
2026-05-20 17:38:55  INFO         BAIXAR       Qualificacoes.zip
2026-05-20 17:38:55  INFO         BAIXAR       Simples.zip
2026-05-20 17:38:55  INFO         ok (skip)    Socios0.zip
2026-05-20 17:38:55  INFO         ok (skip)    Socios1.zip
2026-05-20 17:38:55  INFO         ok (skip)    Socios2.zip
2026-05-20 17:38:55  INFO         ok (skip)    Socios3.zip
2026-05-20 17:38:55  INFO         ok (skip)    Socios4.zip
2026-05-20 17:38:55  INFO         ok (skip)    Socios5.zip
2026-05-20 17:38:55  INFO         ok (skip)    Socios6.zip
2026-05-20 17:38:55  INFO         ok (skip)    Socios7.zip
2026-05-20 17:38:55  INFO         ok (skip)    Socios8.zip
2026-05-20 17:38:55  INFO         ok (skip)    Socios9.zip
2026-05-20 17:38:56  INFO       [2024-11]  pasta=2024-11-13  37 ZIP(s):
2026-05-20 17:38:56  INFO         BAIXAR       Cnaes.zip
2026-05-20 17:38:56  INFO         ok (skip)    Empresas0.zip
2026-05-20 17:38:56  INFO         ok (skip)    Empresas1.zip
2026-05-20 17:38:56  INFO         ok (skip)    Empresas2.zip
2026-05-20 17:38:56  INFO         ok (skip)    Empresas3.zip
2026-05-20 17:38:56  INFO         ok (skip)    Empresas4.zip
2026-05-20 17:38:56  INFO         ok (skip)    Empresas5.zip
2026-05-20 17:38:56  INFO         ok (skip)    Empresas6.zip
2026-05-20 17:38:56  INFO         ok (skip)    Empresas7.zip
2026-05-20 17:38:56  INFO         ok (skip)    Empresas8.zip
2026-05-20 17:38:56  INFO         ok (skip)    Empresas9.zip
2026-05-20 17:38:56  INFO         ok (skip)    Estabelecimentos0.zip
2026-05-20 17:38:56  INFO         ok (skip)    Estabelecimentos1.zip
2026-05-20 17:38:56  INFO         ok (skip)    Estabelecimentos2.zip
2026-05-20 17:38:56  INFO         ok (skip)    Estabelecimentos3.zip
2026-05-20 17:38:56  INFO         ok (skip)    Estabelecimentos4.zip
2026-05-20 17:38:56  INFO         ok (skip)    Estabelecimentos5.zip
2026-05-20 17:38:56  INFO         ok (skip)    Estabelecimentos6.zip
2026-05-20 17:38:56  INFO         ok (skip)    Estabelecimentos7.zip
2026-05-20 17:38:56  INFO         ok (skip)    Estabelecimentos8.zip
2026-05-20 17:38:56  INFO         ok (skip)    Estabelecimentos9.zip
2026-05-20 17:38:56  INFO         BAIXAR       Motivos.zip
2026-05-20 17:38:56  INFO         BAIXAR       Municipios.zip
2026-05-20 17:38:56  INFO         BAIXAR       Naturezas.zip
2026-05-20 17:38:56  INFO         BAIXAR       Paises.zip
2026-05-20 17:38:56  INFO         BAIXAR       Qualificacoes.zip
2026-05-20 17:38:56  INFO         BAIXAR       Simples.zip
2026-05-20 17:38:56  INFO         ok (skip)    Socios0.zip
2026-05-20 17:38:56  INFO         ok (skip)    Socios1.zip
2026-05-20 17:38:56  INFO         ok (skip)    Socios2.zip
2026-05-20 17:38:56  INFO         ok (skip)    Socios3.zip
2026-05-20 17:38:56  INFO         ok (skip)    Socios4.zip
2026-05-20 17:38:56  INFO         ok (skip)    Socios5.zip
2026-05-20 17:38:56  INFO         ok (skip)    Socios6.zip
2026-05-20 17:38:56  INFO         ok (skip)    Socios7.zip
2026-05-20 17:38:56  INFO         ok (skip)    Socios8.zip
2026-05-20 17:38:56  INFO         ok (skip)    Socios9.zip
2026-05-20 17:38:56  INFO       [2024-12]  pasta=2024-12-27  37 ZIP(s):
2026-05-20 17:38:56  INFO         BAIXAR       Cnaes.zip
2026-05-20 17:38:56  INFO         ok (skip)    Empresas0.zip
2026-05-20 17:38:56  INFO         ok (skip)    Empresas1.zip
2026-05-20 17:38:56  INFO         ok (skip)    Empresas2.zip
2026-05-20 17:38:56  INFO         ok (skip)    Empresas3.zip
2026-05-20 17:38:56  INFO         ok (skip)    Empresas4.zip
2026-05-20 17:38:56  INFO         ok (skip)    Empresas5.zip
2026-05-20 17:38:56  INFO         ok (skip)    Empresas6.zip
2026-05-20 17:38:56  INFO         ok (skip)    Empresas7.zip
2026-05-20 17:38:56  INFO         ok (skip)    Empresas8.zip
2026-05-20 17:38:56  INFO         ok (skip)    Empresas9.zip
2026-05-20 17:38:56  INFO         ok (skip)    Estabelecimentos0.zip
2026-05-20 17:38:56  INFO         ok (skip)    Estabelecimentos1.zip
2026-05-20 17:38:56  INFO         ok (skip)    Estabelecimentos2.zip
2026-05-20 17:38:56  INFO         ok (skip)    Estabelecimentos3.zip
2026-05-20 17:38:56  INFO         ok (skip)    Estabelecimentos4.zip
2026-05-20 17:38:56  INFO         ok (skip)    Estabelecimentos5.zip
2026-05-20 17:38:56  INFO         ok (skip)    Estabelecimentos6.zip
2026-05-20 17:38:56  INFO         ok (skip)    Estabelecimentos7.zip
2026-05-20 17:38:56  INFO         ok (skip)    Estabelecimentos8.zip
2026-05-20 17:38:56  INFO         ok (skip)    Estabelecimentos9.zip
2026-05-20 17:38:56  INFO         BAIXAR       Motivos.zip
2026-05-20 17:38:56  INFO         BAIXAR       Municipios.zip
2026-05-20 17:38:56  INFO         BAIXAR       Naturezas.zip
2026-05-20 17:38:56  INFO         BAIXAR       Paises.zip
2026-05-20 17:38:56  INFO         BAIXAR       Qualificacoes.zip
2026-05-20 17:38:56  INFO         BAIXAR       Simples.zip
2026-05-20 17:38:56  INFO         ok (skip)    Socios0.zip
2026-05-20 17:38:56  INFO         ok (skip)    Socios1.zip
2026-05-20 17:38:56  INFO         ok (skip)    Socios2.zip
2026-05-20 17:38:56  INFO         ok (skip)    Socios3.zip
2026-05-20 17:38:56  INFO         ok (skip)    Socios4.zip
2026-05-20 17:38:56  INFO         ok (skip)    Socios5.zip
2026-05-20 17:38:56  INFO         ok (skip)    Socios6.zip
2026-05-20 17:38:56  INFO         ok (skip)    Socios7.zip
2026-05-20 17:38:56  INFO         ok (skip)    Socios8.zip
2026-05-20 17:38:56  INFO         ok (skip)    Socios9.zip
2026-05-20 17:38:56  INFO       [2025-01]  pasta=2025-01-11  37 ZIP(s):
2026-05-20 17:38:56  INFO         BAIXAR       Cnaes.zip
2026-05-20 17:38:56  INFO         ok (skip)    Empresas0.zip
2026-05-20 17:38:56  INFO         ok (skip)    Empresas1.zip
2026-05-20 17:38:56  INFO         ok (skip)    Empresas2.zip
2026-05-20 17:38:56  INFO         ok (skip)    Empresas3.zip
2026-05-20 17:38:56  INFO         ok (skip)    Empresas4.zip
2026-05-20 17:38:56  INFO         ok (skip)    Empresas5.zip
2026-05-20 17:38:56  INFO         ok (skip)    Empresas6.zip
2026-05-20 17:38:56  INFO         ok (skip)    Empresas7.zip
2026-05-20 17:38:56  INFO         ok (skip)    Empresas8.zip
2026-05-20 17:38:56  INFO         ok (skip)    Empresas9.zip
2026-05-20 17:38:56  INFO         ok (skip)    Estabelecimentos0.zip
2026-05-20 17:38:56  INFO         ok (skip)    Estabelecimentos1.zip
2026-05-20 17:38:56  INFO         ok (skip)    Estabelecimentos2.zip
2026-05-20 17:38:56  INFO         ok (skip)    Estabelecimentos3.zip
2026-05-20 17:38:56  INFO         ok (skip)    Estabelecimentos4.zip
2026-05-20 17:38:56  INFO         ok (skip)    Estabelecimentos5.zip
2026-05-20 17:38:56  INFO         ok (skip)    Estabelecimentos6.zip
2026-05-20 17:38:56  INFO         ok (skip)    Estabelecimentos7.zip
2026-05-20 17:38:56  INFO         ok (skip)    Estabelecimentos8.zip
2026-05-20 17:38:56  INFO         ok (skip)    Estabelecimentos9.zip
2026-05-20 17:38:56  INFO         BAIXAR       Motivos.zip
2026-05-20 17:38:56  INFO         BAIXAR       Municipios.zip
2026-05-20 17:38:56  INFO         BAIXAR       Naturezas.zip
2026-05-20 17:38:56  INFO         BAIXAR       Paises.zip
2026-05-20 17:38:56  INFO         BAIXAR       Qualificacoes.zip
2026-05-20 17:38:56  INFO         BAIXAR       Simples.zip
2026-05-20 17:38:56  INFO         ok (skip)    Socios0.zip
2026-05-20 17:38:56  INFO         ok (skip)    Socios1.zip
2026-05-20 17:38:56  INFO         ok (skip)    Socios2.zip
2026-05-20 17:38:56  INFO         ok (skip)    Socios3.zip
2026-05-20 17:38:56  INFO         ok (skip)    Socios4.zip
2026-05-20 17:38:56  INFO         ok (skip)    Socios5.zip
2026-05-20 17:38:56  INFO         ok (skip)    Socios6.zip
2026-05-20 17:38:56  INFO         ok (skip)    Socios7.zip
2026-05-20 17:38:56  INFO         ok (skip)    Socios8.zip
2026-05-20 17:38:56  INFO         ok (skip)    Socios9.zip
2026-05-20 17:38:56  INFO       [2025-02]  pasta=2025-02-08  37 ZIP(s):
2026-05-20 17:38:56  INFO         BAIXAR       Cnaes.zip
2026-05-20 17:38:56  INFO         ok (skip)    Empresas0.zip
2026-05-20 17:38:56  INFO         ok (skip)    Empresas1.zip
2026-05-20 17:38:56  INFO         ok (skip)    Empresas2.zip
2026-05-20 17:38:56  INFO         ok (skip)    Empresas3.zip
2026-05-20 17:38:56  INFO         ok (skip)    Empresas4.zip
2026-05-20 17:38:56  INFO         ok (skip)    Empresas5.zip
2026-05-20 17:38:56  INFO         ok (skip)    Empresas6.zip
2026-05-20 17:38:56  INFO         ok (skip)    Empresas7.zip
2026-05-20 17:38:56  INFO         ok (skip)    Empresas8.zip
2026-05-20 17:38:56  INFO         ok (skip)    Empresas9.zip
2026-05-20 17:38:56  INFO         ok (skip)    Estabelecimentos0.zip
2026-05-20 17:38:56  INFO         ok (skip)    Estabelecimentos1.zip
2026-05-20 17:38:56  INFO         ok (skip)    Estabelecimentos2.zip
2026-05-20 17:38:56  INFO         ok (skip)    Estabelecimentos3.zip
2026-05-20 17:38:56  INFO         ok (skip)    Estabelecimentos4.zip
2026-05-20 17:38:56  INFO         ok (skip)    Estabelecimentos5.zip
2026-05-20 17:38:56  INFO         ok (skip)    Estabelecimentos6.zip
2026-05-20 17:38:56  INFO         ok (skip)    Estabelecimentos7.zip
2026-05-20 17:38:56  INFO         ok (skip)    Estabelecimentos8.zip
2026-05-20 17:38:56  INFO         ok (skip)    Estabelecimentos9.zip
2026-05-20 17:38:56  INFO         BAIXAR       Motivos.zip
2026-05-20 17:38:56  INFO         BAIXAR       Municipios.zip
2026-05-20 17:38:56  INFO         BAIXAR       Naturezas.zip
2026-05-20 17:38:56  INFO         BAIXAR       Paises.zip
2026-05-20 17:38:56  INFO         BAIXAR       Qualificacoes.zip
2026-05-20 17:38:56  INFO         BAIXAR       Simples.zip
2026-05-20 17:38:56  INFO         ok (skip)    Socios0.zip
2026-05-20 17:38:56  INFO         ok (skip)    Socios1.zip
2026-05-20 17:38:56  INFO         ok (skip)    Socios2.zip
2026-05-20 17:38:56  INFO         ok (skip)    Socios3.zip
2026-05-20 17:38:56  INFO         ok (skip)    Socios4.zip
2026-05-20 17:38:56  INFO         ok (skip)    Socios5.zip
2026-05-20 17:38:56  INFO         ok (skip)    Socios6.zip
2026-05-20 17:38:56  INFO         ok (skip)    Socios7.zip
2026-05-20 17:38:56  INFO         ok (skip)    Socios8.zip
2026-05-20 17:38:56  INFO         ok (skip)    Socios9.zip
2026-05-20 17:38:56  INFO       [2025-03]  pasta=2025-03-23  37 ZIP(s):
2026-05-20 17:38:56  INFO         BAIXAR       Cnaes.zip
2026-05-20 17:38:56  INFO         ok (skip)    Empresas0.zip
2026-05-20 17:38:56  INFO         ok (skip)    Empresas1.zip
2026-05-20 17:38:56  INFO         ok (skip)    Empresas2.zip
2026-05-20 17:38:56  INFO         ok (skip)    Empresas3.zip
2026-05-20 17:38:56  INFO         ok (skip)    Empresas4.zip
2026-05-20 17:38:56  INFO         ok (skip)    Empresas5.zip
2026-05-20 17:38:56  INFO         ok (skip)    Empresas6.zip
2026-05-20 17:38:56  INFO         ok (skip)    Empresas7.zip
2026-05-20 17:38:56  INFO         ok (skip)    Empresas8.zip
2026-05-20 17:38:56  INFO         ok (skip)    Empresas9.zip
2026-05-20 17:38:56  INFO         ok (skip)    Estabelecimentos0.zip
2026-05-20 17:38:56  INFO         ok (skip)    Estabelecimentos1.zip
2026-05-20 17:38:56  INFO         ok (skip)    Estabelecimentos2.zip
2026-05-20 17:38:56  INFO         ok (skip)    Estabelecimentos3.zip
2026-05-20 17:38:56  INFO         ok (skip)    Estabelecimentos4.zip
2026-05-20 17:38:56  INFO         ok (skip)    Estabelecimentos5.zip
2026-05-20 17:38:56  INFO         ok (skip)    Estabelecimentos6.zip
2026-05-20 17:38:56  INFO         ok (skip)    Estabelecimentos7.zip
2026-05-20 17:38:56  INFO         ok (skip)    Estabelecimentos8.zip
2026-05-20 17:38:56  INFO         ok (skip)    Estabelecimentos9.zip
2026-05-20 17:38:56  INFO         BAIXAR       Motivos.zip
2026-05-20 17:38:56  INFO         BAIXAR       Municipios.zip
2026-05-20 17:38:56  INFO         BAIXAR       Naturezas.zip
2026-05-20 17:38:56  INFO         BAIXAR       Paises.zip
2026-05-20 17:38:56  INFO         BAIXAR       Qualificacoes.zip
2026-05-20 17:38:56  INFO         BAIXAR       Simples.zip
2026-05-20 17:38:56  INFO         ok (skip)    Socios0.zip
2026-05-20 17:38:56  INFO         ok (skip)    Socios1.zip
2026-05-20 17:38:56  INFO         ok (skip)    Socios2.zip
2026-05-20 17:38:56  INFO         ok (skip)    Socios3.zip
2026-05-20 17:38:56  INFO         ok (skip)    Socios4.zip
2026-05-20 17:38:56  INFO         ok (skip)    Socios5.zip
2026-05-20 17:38:56  INFO         ok (skip)    Socios6.zip
2026-05-20 17:38:56  INFO         ok (skip)    Socios7.zip
2026-05-20 17:38:56  INFO         ok (skip)    Socios8.zip
2026-05-20 17:38:56  INFO         ok (skip)    Socios9.zip
2026-05-20 17:38:57  INFO       [2025-04]  pasta=2025-04-19  37 ZIP(s):
2026-05-20 17:38:57  INFO         BAIXAR       Cnaes.zip
2026-05-20 17:38:57  INFO         ok (skip)    Empresas0.zip
2026-05-20 17:38:57  INFO         ok (skip)    Empresas1.zip
2026-05-20 17:38:57  INFO         ok (skip)    Empresas2.zip
2026-05-20 17:38:57  INFO         ok (skip)    Empresas3.zip
2026-05-20 17:38:57  INFO         ok (skip)    Empresas4.zip
2026-05-20 17:38:57  INFO         ok (skip)    Empresas5.zip
2026-05-20 17:38:57  INFO         ok (skip)    Empresas6.zip
2026-05-20 17:38:57  INFO         ok (skip)    Empresas7.zip
2026-05-20 17:38:57  INFO         ok (skip)    Empresas8.zip
2026-05-20 17:38:57  INFO         ok (skip)    Empresas9.zip
2026-05-20 17:38:57  INFO         ok (skip)    Estabelecimentos0.zip
2026-05-20 17:38:57  INFO         ok (skip)    Estabelecimentos1.zip
2026-05-20 17:38:57  INFO         ok (skip)    Estabelecimentos2.zip
2026-05-20 17:38:57  INFO         ok (skip)    Estabelecimentos3.zip
2026-05-20 17:38:57  INFO         ok (skip)    Estabelecimentos4.zip
2026-05-20 17:38:57  INFO         ok (skip)    Estabelecimentos5.zip
2026-05-20 17:38:57  INFO         ok (skip)    Estabelecimentos6.zip
2026-05-20 17:38:57  INFO         ok (skip)    Estabelecimentos7.zip
2026-05-20 17:38:57  INFO         ok (skip)    Estabelecimentos8.zip
2026-05-20 17:38:57  INFO         ok (skip)    Estabelecimentos9.zip
2026-05-20 17:38:57  INFO         BAIXAR       Motivos.zip
2026-05-20 17:38:57  INFO         BAIXAR       Municipios.zip
2026-05-20 17:38:57  INFO         BAIXAR       Naturezas.zip
2026-05-20 17:38:57  INFO         BAIXAR       Paises.zip
2026-05-20 17:38:57  INFO         BAIXAR       Qualificacoes.zip
2026-05-20 17:38:57  INFO         BAIXAR       Simples.zip
2026-05-20 17:38:57  INFO         ok (skip)    Socios0.zip
2026-05-20 17:38:57  INFO         ok (skip)    Socios1.zip
2026-05-20 17:38:57  INFO         ok (skip)    Socios2.zip
2026-05-20 17:38:57  INFO         ok (skip)    Socios3.zip
2026-05-20 17:38:57  INFO         ok (skip)    Socios4.zip
2026-05-20 17:38:57  INFO         ok (skip)    Socios5.zip
2026-05-20 17:38:57  INFO         ok (skip)    Socios6.zip
2026-05-20 17:38:57  INFO         ok (skip)    Socios7.zip
2026-05-20 17:38:57  INFO         ok (skip)    Socios8.zip
2026-05-20 17:38:57  INFO         ok (skip)    Socios9.zip
2026-05-20 17:38:57  INFO       [2025-05]  pasta=2025-05-12  37 ZIP(s):
2026-05-20 17:38:57  INFO         BAIXAR       Cnaes.zip
2026-05-20 17:38:57  INFO         ok (skip)    Empresas0.zip
2026-05-20 17:38:57  INFO         ok (skip)    Empresas1.zip
2026-05-20 17:38:57  INFO         ok (skip)    Empresas2.zip
2026-05-20 17:38:57  INFO         ok (skip)    Empresas3.zip
2026-05-20 17:38:57  INFO         ok (skip)    Empresas4.zip
2026-05-20 17:38:57  INFO         ok (skip)    Empresas5.zip
2026-05-20 17:38:57  INFO         ok (skip)    Empresas6.zip
2026-05-20 17:38:57  INFO         ok (skip)    Empresas7.zip
2026-05-20 17:38:57  INFO         ok (skip)    Empresas8.zip
2026-05-20 17:38:57  INFO         ok (skip)    Empresas9.zip
2026-05-20 17:38:57  INFO         ok (skip)    Estabelecimentos0.zip
2026-05-20 17:38:57  INFO         ok (skip)    Estabelecimentos1.zip
2026-05-20 17:38:57  INFO         ok (skip)    Estabelecimentos2.zip
2026-05-20 17:38:57  INFO         ok (skip)    Estabelecimentos3.zip
2026-05-20 17:38:57  INFO         ok (skip)    Estabelecimentos4.zip
2026-05-20 17:38:57  INFO         ok (skip)    Estabelecimentos5.zip
2026-05-20 17:38:57  INFO         ok (skip)    Estabelecimentos6.zip
2026-05-20 17:38:57  INFO         ok (skip)    Estabelecimentos7.zip
2026-05-20 17:38:57  INFO         ok (skip)    Estabelecimentos8.zip
2026-05-20 17:38:57  INFO         ok (skip)    Estabelecimentos9.zip
2026-05-20 17:38:57  INFO         BAIXAR       Motivos.zip
2026-05-20 17:38:57  INFO         BAIXAR       Municipios.zip
2026-05-20 17:38:57  INFO         BAIXAR       Naturezas.zip
2026-05-20 17:38:57  INFO         BAIXAR       Paises.zip
2026-05-20 17:38:57  INFO         BAIXAR       Qualificacoes.zip
2026-05-20 17:38:57  INFO         BAIXAR       Simples.zip
2026-05-20 17:38:57  INFO         ok (skip)    Socios0.zip
2026-05-20 17:38:57  INFO         ok (skip)    Socios1.zip
2026-05-20 17:38:57  INFO         ok (skip)    Socios2.zip
2026-05-20 17:38:57  INFO         ok (skip)    Socios3.zip
2026-05-20 17:38:57  INFO         ok (skip)    Socios4.zip
2026-05-20 17:38:57  INFO         ok (skip)    Socios5.zip
2026-05-20 17:38:57  INFO         ok (skip)    Socios6.zip
2026-05-20 17:38:57  INFO         ok (skip)    Socios7.zip
2026-05-20 17:38:57  INFO         ok (skip)    Socios8.zip
2026-05-20 17:38:57  INFO         ok (skip)    Socios9.zip
2026-05-20 17:38:57  INFO       [2025-06]  pasta=2025-06-15  37 ZIP(s):
2026-05-20 17:38:57  INFO         BAIXAR       Cnaes.zip
2026-05-20 17:38:57  INFO         ok (skip)    Empresas0.zip
2026-05-20 17:38:57  INFO         ok (skip)    Empresas1.zip
2026-05-20 17:38:57  INFO         ok (skip)    Empresas2.zip
2026-05-20 17:38:57  INFO         ok (skip)    Empresas3.zip
2026-05-20 17:38:57  INFO         ok (skip)    Empresas4.zip
2026-05-20 17:38:57  INFO         ok (skip)    Empresas5.zip
2026-05-20 17:38:57  INFO         ok (skip)    Empresas6.zip
2026-05-20 17:38:57  INFO         ok (skip)    Empresas7.zip
2026-05-20 17:38:57  INFO         ok (skip)    Empresas8.zip
2026-05-20 17:38:57  INFO         ok (skip)    Empresas9.zip
2026-05-20 17:38:57  INFO         ok (skip)    Estabelecimentos0.zip
2026-05-20 17:38:57  INFO         ok (skip)    Estabelecimentos1.zip
2026-05-20 17:38:57  INFO         ok (skip)    Estabelecimentos2.zip
2026-05-20 17:38:57  INFO         ok (skip)    Estabelecimentos3.zip
2026-05-20 17:38:57  INFO         ok (skip)    Estabelecimentos4.zip
2026-05-20 17:38:57  INFO         ok (skip)    Estabelecimentos5.zip
2026-05-20 17:38:57  INFO         ok (skip)    Estabelecimentos6.zip
2026-05-20 17:38:57  INFO         ok (skip)    Estabelecimentos7.zip
2026-05-20 17:38:57  INFO         ok (skip)    Estabelecimentos8.zip
2026-05-20 17:38:57  INFO         ok (skip)    Estabelecimentos9.zip
2026-05-20 17:38:57  INFO         BAIXAR       Motivos.zip
2026-05-20 17:38:57  INFO         BAIXAR       Municipios.zip
2026-05-20 17:38:57  INFO         BAIXAR       Naturezas.zip
2026-05-20 17:38:57  INFO         BAIXAR       Paises.zip
2026-05-20 17:38:57  INFO         BAIXAR       Qualificacoes.zip
2026-05-20 17:38:57  INFO         BAIXAR       Simples.zip
2026-05-20 17:38:57  INFO         ok (skip)    Socios0.zip
2026-05-20 17:38:57  INFO         ok (skip)    Socios1.zip
2026-05-20 17:38:57  INFO         ok (skip)    Socios2.zip
2026-05-20 17:38:57  INFO         ok (skip)    Socios3.zip
2026-05-20 17:38:57  INFO         ok (skip)    Socios4.zip
2026-05-20 17:38:57  INFO         ok (skip)    Socios5.zip
2026-05-20 17:38:57  INFO         ok (skip)    Socios6.zip
2026-05-20 17:38:57  INFO         ok (skip)    Socios7.zip
2026-05-20 17:38:57  INFO         ok (skip)    Socios8.zip
2026-05-20 17:38:57  INFO         ok (skip)    Socios9.zip
2026-05-20 17:38:57  INFO       [2025-07]  pasta=2025-07-30  37 ZIP(s):
2026-05-20 17:38:57  INFO         BAIXAR       Cnaes.zip
2026-05-20 17:38:57  INFO         ok (skip)    Empresas0.zip
2026-05-20 17:38:57  INFO         ok (skip)    Empresas1.zip
2026-05-20 17:38:57  INFO         ok (skip)    Empresas2.zip
2026-05-20 17:38:57  INFO         ok (skip)    Empresas3.zip
2026-05-20 17:38:57  INFO         ok (skip)    Empresas4.zip
2026-05-20 17:38:57  INFO         ok (skip)    Empresas5.zip
2026-05-20 17:38:57  INFO         ok (skip)    Empresas6.zip
2026-05-20 17:38:57  INFO         ok (skip)    Empresas7.zip
2026-05-20 17:38:57  INFO         ok (skip)    Empresas8.zip
2026-05-20 17:38:57  INFO         ok (skip)    Empresas9.zip
2026-05-20 17:38:57  INFO         ok (skip)    Estabelecimentos0.zip
2026-05-20 17:38:57  INFO         ok (skip)    Estabelecimentos1.zip
2026-05-20 17:38:57  INFO         ok (skip)    Estabelecimentos2.zip
2026-05-20 17:38:57  INFO         ok (skip)    Estabelecimentos3.zip
2026-05-20 17:38:57  INFO         ok (skip)    Estabelecimentos4.zip
2026-05-20 17:38:57  INFO         ok (skip)    Estabelecimentos5.zip
2026-05-20 17:38:57  INFO         ok (skip)    Estabelecimentos6.zip
2026-05-20 17:38:57  INFO         ok (skip)    Estabelecimentos7.zip
2026-05-20 17:38:57  INFO         ok (skip)    Estabelecimentos8.zip
2026-05-20 17:38:57  INFO         ok (skip)    Estabelecimentos9.zip
2026-05-20 17:38:57  INFO         BAIXAR       Motivos.zip
2026-05-20 17:38:57  INFO         BAIXAR       Municipios.zip
2026-05-20 17:38:57  INFO         BAIXAR       Naturezas.zip
2026-05-20 17:38:57  INFO         BAIXAR       Paises.zip
2026-05-20 17:38:57  INFO         BAIXAR       Qualificacoes.zip
2026-05-20 17:38:57  INFO         BAIXAR       Simples.zip
2026-05-20 17:38:57  INFO         ok (skip)    Socios0.zip
2026-05-20 17:38:57  INFO         ok (skip)    Socios1.zip
2026-05-20 17:38:57  INFO         ok (skip)    Socios2.zip
2026-05-20 17:38:57  INFO         ok (skip)    Socios3.zip
2026-05-20 17:38:57  INFO         ok (skip)    Socios4.zip
2026-05-20 17:38:57  INFO         ok (skip)    Socios5.zip
2026-05-20 17:38:57  INFO         ok (skip)    Socios6.zip
2026-05-20 17:38:57  INFO         ok (skip)    Socios7.zip
2026-05-20 17:38:57  INFO         ok (skip)    Socios8.zip
2026-05-20 17:38:57  INFO         ok (skip)    Socios9.zip
2026-05-20 17:38:57  INFO       [2025-08]  pasta=2025-08-10  37 ZIP(s):
2026-05-20 17:38:57  INFO         BAIXAR       Cnaes.zip
2026-05-20 17:38:57  INFO         ok (skip)    Empresas0.zip
2026-05-20 17:38:57  INFO         ok (skip)    Empresas1.zip
2026-05-20 17:38:57  INFO         ok (skip)    Empresas2.zip
2026-05-20 17:38:57  INFO         ok (skip)    Empresas3.zip
2026-05-20 17:38:57  INFO         ok (skip)    Empresas4.zip
2026-05-20 17:38:57  INFO         ok (skip)    Empresas5.zip
2026-05-20 17:38:57  INFO         ok (skip)    Empresas6.zip
2026-05-20 17:38:57  INFO         ok (skip)    Empresas7.zip
2026-05-20 17:38:57  INFO         ok (skip)    Empresas8.zip
2026-05-20 17:38:57  INFO         ok (skip)    Empresas9.zip
2026-05-20 17:38:57  INFO         ok (skip)    Estabelecimentos0.zip
2026-05-20 17:38:57  INFO         ok (skip)    Estabelecimentos1.zip
2026-05-20 17:38:57  INFO         ok (skip)    Estabelecimentos2.zip
2026-05-20 17:38:57  INFO         ok (skip)    Estabelecimentos3.zip
2026-05-20 17:38:57  INFO         ok (skip)    Estabelecimentos4.zip
2026-05-20 17:38:57  INFO         ok (skip)    Estabelecimentos5.zip
2026-05-20 17:38:57  INFO         ok (skip)    Estabelecimentos6.zip
2026-05-20 17:38:57  INFO         ok (skip)    Estabelecimentos7.zip
2026-05-20 17:38:57  INFO         ok (skip)    Estabelecimentos8.zip
2026-05-20 17:38:57  INFO         ok (skip)    Estabelecimentos9.zip
2026-05-20 17:38:57  INFO         BAIXAR       Motivos.zip
2026-05-20 17:38:57  INFO         BAIXAR       Municipios.zip
2026-05-20 17:38:57  INFO         BAIXAR       Naturezas.zip
2026-05-20 17:38:57  INFO         BAIXAR       Paises.zip
2026-05-20 17:38:57  INFO         BAIXAR       Qualificacoes.zip
2026-05-20 17:38:57  INFO         BAIXAR       Simples.zip
2026-05-20 17:38:57  INFO         ok (skip)    Socios0.zip
2026-05-20 17:38:57  INFO         ok (skip)    Socios1.zip
2026-05-20 17:38:57  INFO         ok (skip)    Socios2.zip
2026-05-20 17:38:57  INFO         ok (skip)    Socios3.zip
2026-05-20 17:38:57  INFO         ok (skip)    Socios4.zip
2026-05-20 17:38:57  INFO         ok (skip)    Socios5.zip
2026-05-20 17:38:57  INFO         ok (skip)    Socios6.zip
2026-05-20 17:38:57  INFO         ok (skip)    Socios7.zip
2026-05-20 17:38:57  INFO         ok (skip)    Socios8.zip
2026-05-20 17:38:57  INFO         ok (skip)    Socios9.zip
2026-05-20 17:38:58  INFO       [2025-09]  pasta=2025-09-14  37 ZIP(s):
2026-05-20 17:38:58  INFO         BAIXAR       Cnaes.zip
2026-05-20 17:38:58  INFO         ok (skip)    Empresas0.zip
2026-05-20 17:38:58  INFO         ok (skip)    Empresas1.zip
2026-05-20 17:38:58  INFO         ok (skip)    Empresas2.zip
2026-05-20 17:38:58  INFO         ok (skip)    Empresas3.zip
2026-05-20 17:38:58  INFO         ok (skip)    Empresas4.zip
2026-05-20 17:38:58  INFO         ok (skip)    Empresas5.zip
2026-05-20 17:38:58  INFO         ok (skip)    Empresas6.zip
2026-05-20 17:38:58  INFO         ok (skip)    Empresas7.zip
2026-05-20 17:38:58  INFO         ok (skip)    Empresas8.zip
2026-05-20 17:38:58  INFO         ok (skip)    Empresas9.zip
2026-05-20 17:38:58  INFO         ok (skip)    Estabelecimentos0.zip
2026-05-20 17:38:58  INFO         ok (skip)    Estabelecimentos1.zip
2026-05-20 17:38:58  INFO         ok (skip)    Estabelecimentos2.zip
2026-05-20 17:38:58  INFO         ok (skip)    Estabelecimentos3.zip
2026-05-20 17:38:58  INFO         ok (skip)    Estabelecimentos4.zip
2026-05-20 17:38:58  INFO         ok (skip)    Estabelecimentos5.zip
2026-05-20 17:38:58  INFO         ok (skip)    Estabelecimentos6.zip
2026-05-20 17:38:58  INFO         ok (skip)    Estabelecimentos7.zip
2026-05-20 17:38:58  INFO         ok (skip)    Estabelecimentos8.zip
2026-05-20 17:38:58  INFO         ok (skip)    Estabelecimentos9.zip
2026-05-20 17:38:58  INFO         BAIXAR       Motivos.zip
2026-05-20 17:38:58  INFO         BAIXAR       Municipios.zip
2026-05-20 17:38:58  INFO         BAIXAR       Naturezas.zip
2026-05-20 17:38:58  INFO         BAIXAR       Paises.zip
2026-05-20 17:38:58  INFO         BAIXAR       Qualificacoes.zip
2026-05-20 17:38:58  INFO         BAIXAR       Simples.zip
2026-05-20 17:38:58  INFO         ok (skip)    Socios0.zip
2026-05-20 17:38:58  INFO         ok (skip)    Socios1.zip
2026-05-20 17:38:58  INFO         ok (skip)    Socios2.zip
2026-05-20 17:38:58  INFO         ok (skip)    Socios3.zip
2026-05-20 17:38:58  INFO         ok (skip)    Socios4.zip
2026-05-20 17:38:58  INFO         ok (skip)    Socios5.zip
2026-05-20 17:38:58  INFO         ok (skip)    Socios6.zip
2026-05-20 17:38:58  INFO         ok (skip)    Socios7.zip
2026-05-20 17:38:58  INFO         ok (skip)    Socios8.zip
2026-05-20 17:38:58  INFO         ok (skip)    Socios9.zip
2026-05-20 17:38:58  INFO       [2025-10]  pasta=2025-10-12  37 ZIP(s):
2026-05-20 17:38:58  INFO         BAIXAR       Cnaes.zip
2026-05-20 17:38:58  INFO         ok (skip)    Empresas0.zip
2026-05-20 17:38:58  INFO         ok (skip)    Empresas1.zip
2026-05-20 17:38:58  INFO         ok (skip)    Empresas2.zip
2026-05-20 17:38:58  INFO         ok (skip)    Empresas3.zip
2026-05-20 17:38:58  INFO         ok (skip)    Empresas4.zip
2026-05-20 17:38:58  INFO         ok (skip)    Empresas5.zip
2026-05-20 17:38:58  INFO         ok (skip)    Empresas6.zip
2026-05-20 17:38:58  INFO         ok (skip)    Empresas7.zip
2026-05-20 17:38:58  INFO         ok (skip)    Empresas8.zip
2026-05-20 17:38:58  INFO         ok (skip)    Empresas9.zip
2026-05-20 17:38:58  INFO         ok (skip)    Estabelecimentos0.zip
2026-05-20 17:38:58  INFO         ok (skip)    Estabelecimentos1.zip
2026-05-20 17:38:58  INFO         ok (skip)    Estabelecimentos2.zip
2026-05-20 17:38:58  INFO         ok (skip)    Estabelecimentos3.zip
2026-05-20 17:38:58  INFO         ok (skip)    Estabelecimentos4.zip
2026-05-20 17:38:58  INFO         ok (skip)    Estabelecimentos5.zip
2026-05-20 17:38:58  INFO         ok (skip)    Estabelecimentos6.zip
2026-05-20 17:38:58  INFO         ok (skip)    Estabelecimentos7.zip
2026-05-20 17:38:58  INFO         ok (skip)    Estabelecimentos8.zip
2026-05-20 17:38:58  INFO         ok (skip)    Estabelecimentos9.zip
2026-05-20 17:38:58  INFO         BAIXAR       Motivos.zip
2026-05-20 17:38:58  INFO         BAIXAR       Municipios.zip
2026-05-20 17:38:58  INFO         BAIXAR       Naturezas.zip
2026-05-20 17:38:58  INFO         BAIXAR       Paises.zip
2026-05-20 17:38:58  INFO         BAIXAR       Qualificacoes.zip
2026-05-20 17:38:58  INFO         BAIXAR       Simples.zip
2026-05-20 17:38:58  INFO         ok (skip)    Socios0.zip
2026-05-20 17:38:58  INFO         ok (skip)    Socios1.zip
2026-05-20 17:38:58  INFO         ok (skip)    Socios2.zip
2026-05-20 17:38:58  INFO         ok (skip)    Socios3.zip
2026-05-20 17:38:58  INFO         ok (skip)    Socios4.zip
2026-05-20 17:38:58  INFO         ok (skip)    Socios5.zip
2026-05-20 17:38:58  INFO         ok (skip)    Socios6.zip
2026-05-20 17:38:58  INFO         ok (skip)    Socios7.zip
2026-05-20 17:38:58  INFO         ok (skip)    Socios8.zip
2026-05-20 17:38:58  INFO         ok (skip)    Socios9.zip
2026-05-20 17:38:58  INFO       [2025-11]  pasta=2025-11-09  37 ZIP(s):
2026-05-20 17:38:58  INFO         BAIXAR       Cnaes.zip
2026-05-20 17:38:58  INFO         ok (skip)    Empresas0.zip
2026-05-20 17:38:58  INFO         ok (skip)    Empresas1.zip
2026-05-20 17:38:58  INFO         ok (skip)    Empresas2.zip
2026-05-20 17:38:58  INFO         ok (skip)    Empresas3.zip
2026-05-20 17:38:58  INFO         ok (skip)    Empresas4.zip
2026-05-20 17:38:58  INFO         ok (skip)    Empresas5.zip
2026-05-20 17:38:58  INFO         ok (skip)    Empresas6.zip
2026-05-20 17:38:58  INFO         ok (skip)    Empresas7.zip
2026-05-20 17:38:58  INFO         ok (skip)    Empresas8.zip
2026-05-20 17:38:58  INFO         ok (skip)    Empresas9.zip
2026-05-20 17:38:58  INFO         ok (skip)    Estabelecimentos0.zip
2026-05-20 17:38:58  INFO         ok (skip)    Estabelecimentos1.zip
2026-05-20 17:38:58  INFO         ok (skip)    Estabelecimentos2.zip
2026-05-20 17:38:58  INFO         ok (skip)    Estabelecimentos3.zip
2026-05-20 17:38:58  INFO         ok (skip)    Estabelecimentos4.zip
2026-05-20 17:38:58  INFO         ok (skip)    Estabelecimentos5.zip
2026-05-20 17:38:58  INFO         ok (skip)    Estabelecimentos6.zip
2026-05-20 17:38:58  INFO         ok (skip)    Estabelecimentos7.zip
2026-05-20 17:38:58  INFO         ok (skip)    Estabelecimentos8.zip
2026-05-20 17:38:58  INFO         ok (skip)    Estabelecimentos9.zip
2026-05-20 17:38:58  INFO         BAIXAR       Motivos.zip
2026-05-20 17:38:58  INFO         BAIXAR       Municipios.zip
2026-05-20 17:38:58  INFO         BAIXAR       Naturezas.zip
2026-05-20 17:38:58  INFO         BAIXAR       Paises.zip
2026-05-20 17:38:58  INFO         BAIXAR       Qualificacoes.zip
2026-05-20 17:38:58  INFO         BAIXAR       Simples.zip
2026-05-20 17:38:58  INFO         ok (skip)    Socios0.zip
2026-05-20 17:38:58  INFO         ok (skip)    Socios1.zip
2026-05-20 17:38:58  INFO         ok (skip)    Socios2.zip
2026-05-20 17:38:58  INFO         ok (skip)    Socios3.zip
2026-05-20 17:38:58  INFO         ok (skip)    Socios4.zip
2026-05-20 17:38:58  INFO         ok (skip)    Socios5.zip
2026-05-20 17:38:58  INFO         ok (skip)    Socios6.zip
2026-05-20 17:38:58  INFO         ok (skip)    Socios7.zip
2026-05-20 17:38:58  INFO         ok (skip)    Socios8.zip
2026-05-20 17:38:58  INFO         ok (skip)    Socios9.zip
2026-05-20 17:38:58  INFO       [2025-12]  pasta=2025-12-14  37 ZIP(s):
2026-05-20 17:38:58  INFO         BAIXAR       Cnaes.zip
2026-05-20 17:38:58  INFO         ok (skip)    Empresas0.zip
2026-05-20 17:38:58  INFO         ok (skip)    Empresas1.zip
2026-05-20 17:38:58  INFO         ok (skip)    Empresas2.zip
2026-05-20 17:38:58  INFO         ok (skip)    Empresas3.zip
2026-05-20 17:38:58  INFO         ok (skip)    Empresas4.zip
2026-05-20 17:38:58  INFO         ok (skip)    Empresas5.zip
2026-05-20 17:38:58  INFO         ok (skip)    Empresas6.zip
2026-05-20 17:38:58  INFO         ok (skip)    Empresas7.zip
2026-05-20 17:38:58  INFO         ok (skip)    Empresas8.zip
2026-05-20 17:38:58  INFO         ok (skip)    Empresas9.zip
2026-05-20 17:38:58  INFO         ok (skip)    Estabelecimentos0.zip
2026-05-20 17:38:58  INFO         ok (skip)    Estabelecimentos1.zip
2026-05-20 17:38:58  INFO         ok (skip)    Estabelecimentos2.zip
2026-05-20 17:38:58  INFO         ok (skip)    Estabelecimentos3.zip
2026-05-20 17:38:58  INFO         ok (skip)    Estabelecimentos4.zip
2026-05-20 17:38:58  INFO         ok (skip)    Estabelecimentos5.zip
2026-05-20 17:38:58  INFO         ok (skip)    Estabelecimentos6.zip
2026-05-20 17:38:58  INFO         ok (skip)    Estabelecimentos7.zip
2026-05-20 17:38:58  INFO         ok (skip)    Estabelecimentos8.zip
2026-05-20 17:38:58  INFO         ok (skip)    Estabelecimentos9.zip
2026-05-20 17:38:58  INFO         BAIXAR       Motivos.zip
2026-05-20 17:38:58  INFO         BAIXAR       Municipios.zip
2026-05-20 17:38:58  INFO         BAIXAR       Naturezas.zip
2026-05-20 17:38:58  INFO         BAIXAR       Paises.zip
2026-05-20 17:38:58  INFO         BAIXAR       Qualificacoes.zip
2026-05-20 17:38:58  INFO         BAIXAR       Simples.zip
2026-05-20 17:38:58  INFO         ok (skip)    Socios0.zip
2026-05-20 17:38:58  INFO         ok (skip)    Socios1.zip
2026-05-20 17:38:58  INFO         ok (skip)    Socios2.zip
2026-05-20 17:38:58  INFO         ok (skip)    Socios3.zip
2026-05-20 17:38:58  INFO         ok (skip)    Socios4.zip
2026-05-20 17:38:58  INFO         ok (skip)    Socios5.zip
2026-05-20 17:38:58  INFO         ok (skip)    Socios6.zip
2026-05-20 17:38:58  INFO         ok (skip)    Socios7.zip
2026-05-20 17:38:58  INFO         ok (skip)    Socios8.zip
2026-05-20 17:38:58  INFO         ok (skip)    Socios9.zip
2026-05-20 17:38:58  INFO       [2026-01]  pasta=2026-01-11  37 ZIP(s):
2026-05-20 17:38:58  INFO         BAIXAR       Cnaes.zip
2026-05-20 17:38:58  INFO         ok (skip)    Empresas0.zip
2026-05-20 17:38:58  INFO         ok (skip)    Empresas1.zip
2026-05-20 17:38:58  INFO         ok (skip)    Empresas2.zip
2026-05-20 17:38:58  INFO         ok (skip)    Empresas3.zip
2026-05-20 17:38:58  INFO         ok (skip)    Empresas4.zip
2026-05-20 17:38:58  INFO         ok (skip)    Empresas5.zip
2026-05-20 17:38:58  INFO         ok (skip)    Empresas6.zip
2026-05-20 17:38:58  INFO         ok (skip)    Empresas7.zip
2026-05-20 17:38:58  INFO         ok (skip)    Empresas8.zip
2026-05-20 17:38:58  INFO         ok (skip)    Empresas9.zip
2026-05-20 17:38:58  INFO         ok (skip)    Estabelecimentos0.zip
2026-05-20 17:38:58  INFO         ok (skip)    Estabelecimentos1.zip
2026-05-20 17:38:58  INFO         ok (skip)    Estabelecimentos2.zip
2026-05-20 17:38:58  INFO         ok (skip)    Estabelecimentos3.zip
2026-05-20 17:38:58  INFO         ok (skip)    Estabelecimentos4.zip
2026-05-20 17:38:58  INFO         ok (skip)    Estabelecimentos5.zip
2026-05-20 17:38:58  INFO         ok (skip)    Estabelecimentos6.zip
2026-05-20 17:38:58  INFO         ok (skip)    Estabelecimentos7.zip
2026-05-20 17:38:58  INFO         ok (skip)    Estabelecimentos8.zip
2026-05-20 17:38:58  INFO         ok (skip)    Estabelecimentos9.zip
2026-05-20 17:38:58  INFO         BAIXAR       Motivos.zip
2026-05-20 17:38:58  INFO         BAIXAR       Municipios.zip
2026-05-20 17:38:58  INFO         BAIXAR       Naturezas.zip
2026-05-20 17:38:58  INFO         BAIXAR       Paises.zip
2026-05-20 17:38:58  INFO         BAIXAR       Qualificacoes.zip
2026-05-20 17:38:58  INFO         BAIXAR       Simples.zip
2026-05-20 17:38:58  INFO         ok (skip)    Socios0.zip
2026-05-20 17:38:58  INFO         ok (skip)    Socios1.zip
2026-05-20 17:38:58  INFO         ok (skip)    Socios2.zip
2026-05-20 17:38:58  INFO         ok (skip)    Socios3.zip
2026-05-20 17:38:58  INFO         ok (skip)    Socios4.zip
2026-05-20 17:38:58  INFO         ok (skip)    Socios5.zip
2026-05-20 17:38:58  INFO         ok (skip)    Socios6.zip
2026-05-20 17:38:58  INFO         ok (skip)    Socios7.zip
2026-05-20 17:38:58  INFO         ok (skip)    Socios8.zip
2026-05-20 17:38:58  INFO         ok (skip)    Socios9.zip
2026-05-20 17:38:59  INFO       [2026-02]  pasta=2026-02-20  37 ZIP(s):
2026-05-20 17:38:59  INFO         BAIXAR       Cnaes.zip
2026-05-20 17:38:59  INFO         ok (skip)    Empresas0.zip
2026-05-20 17:38:59  INFO         ok (skip)    Empresas1.zip
2026-05-20 17:38:59  INFO         ok (skip)    Empresas2.zip
2026-05-20 17:38:59  INFO         ok (skip)    Empresas3.zip
2026-05-20 17:38:59  INFO         ok (skip)    Empresas4.zip
2026-05-20 17:38:59  INFO         ok (skip)    Empresas5.zip
2026-05-20 17:38:59  INFO         ok (skip)    Empresas6.zip
2026-05-20 17:38:59  INFO         ok (skip)    Empresas7.zip
2026-05-20 17:38:59  INFO         ok (skip)    Empresas8.zip
2026-05-20 17:38:59  INFO         ok (skip)    Empresas9.zip
2026-05-20 17:38:59  INFO         ok (skip)    Estabelecimentos0.zip
2026-05-20 17:38:59  INFO         ok (skip)    Estabelecimentos1.zip
2026-05-20 17:38:59  INFO         ok (skip)    Estabelecimentos2.zip
2026-05-20 17:38:59  INFO         ok (skip)    Estabelecimentos3.zip
2026-05-20 17:38:59  INFO         ok (skip)    Estabelecimentos4.zip
2026-05-20 17:38:59  INFO         ok (skip)    Estabelecimentos5.zip
2026-05-20 17:38:59  INFO         ok (skip)    Estabelecimentos6.zip
2026-05-20 17:38:59  INFO         ok (skip)    Estabelecimentos7.zip
2026-05-20 17:38:59  INFO         ok (skip)    Estabelecimentos8.zip
2026-05-20 17:38:59  INFO         ok (skip)    Estabelecimentos9.zip
2026-05-20 17:38:59  INFO         BAIXAR       Motivos.zip
2026-05-20 17:38:59  INFO         BAIXAR       Municipios.zip
2026-05-20 17:38:59  INFO         BAIXAR       Naturezas.zip
2026-05-20 17:38:59  INFO         BAIXAR       Paises.zip
2026-05-20 17:38:59  INFO         BAIXAR       Qualificacoes.zip
2026-05-20 17:38:59  INFO         BAIXAR       Simples.zip
2026-05-20 17:38:59  INFO         ok (skip)    Socios0.zip
2026-05-20 17:38:59  INFO         ok (skip)    Socios1.zip
2026-05-20 17:38:59  INFO         ok (skip)    Socios2.zip
2026-05-20 17:38:59  INFO         ok (skip)    Socios3.zip
2026-05-20 17:38:59  INFO         ok (skip)    Socios4.zip
2026-05-20 17:38:59  INFO         ok (skip)    Socios5.zip
2026-05-20 17:38:59  INFO         ok (skip)    Socios6.zip
2026-05-20 17:38:59  INFO         ok (skip)    Socios7.zip
2026-05-20 17:38:59  INFO         ok (skip)    Socios8.zip
2026-05-20 17:38:59  INFO         ok (skip)    Socios9.zip
2026-05-20 17:38:59  INFO       [2026-03]  pasta=2026-03-16  37 ZIP(s):
2026-05-20 17:38:59  INFO         BAIXAR       Cnaes.zip
2026-05-20 17:38:59  INFO         ok (skip)    Empresas0.zip
2026-05-20 17:38:59  INFO         ok (skip)    Empresas1.zip
2026-05-20 17:38:59  INFO         ok (skip)    Empresas2.zip
2026-05-20 17:38:59  INFO         ok (skip)    Empresas3.zip
2026-05-20 17:38:59  INFO         ok (skip)    Empresas4.zip
2026-05-20 17:38:59  INFO         ok (skip)    Empresas5.zip
2026-05-20 17:38:59  INFO         ok (skip)    Empresas6.zip
2026-05-20 17:38:59  INFO         ok (skip)    Empresas7.zip
2026-05-20 17:38:59  INFO         ok (skip)    Empresas8.zip
2026-05-20 17:38:59  INFO         ok (skip)    Empresas9.zip
2026-05-20 17:38:59  INFO         ok (skip)    Estabelecimentos0.zip
2026-05-20 17:38:59  INFO         ok (skip)    Estabelecimentos1.zip
2026-05-20 17:38:59  INFO         ok (skip)    Estabelecimentos2.zip
2026-05-20 17:38:59  INFO         ok (skip)    Estabelecimentos3.zip
2026-05-20 17:38:59  INFO         ok (skip)    Estabelecimentos4.zip
2026-05-20 17:38:59  INFO         ok (skip)    Estabelecimentos5.zip
2026-05-20 17:38:59  INFO         ok (skip)    Estabelecimentos6.zip
2026-05-20 17:38:59  INFO         ok (skip)    Estabelecimentos7.zip
2026-05-20 17:38:59  INFO         ok (skip)    Estabelecimentos8.zip
2026-05-20 17:38:59  INFO         ok (skip)    Estabelecimentos9.zip
2026-05-20 17:38:59  INFO         BAIXAR       Motivos.zip
2026-05-20 17:38:59  INFO         BAIXAR       Municipios.zip
2026-05-20 17:38:59  INFO         BAIXAR       Naturezas.zip
2026-05-20 17:38:59  INFO         BAIXAR       Paises.zip
2026-05-20 17:38:59  INFO         BAIXAR       Qualificacoes.zip
2026-05-20 17:38:59  INFO         BAIXAR       Simples.zip
2026-05-20 17:38:59  INFO         ok (skip)    Socios0.zip
2026-05-20 17:38:59  INFO         ok (skip)    Socios1.zip
2026-05-20 17:38:59  INFO         ok (skip)    Socios2.zip
2026-05-20 17:38:59  INFO         ok (skip)    Socios3.zip
2026-05-20 17:38:59  INFO         ok (skip)    Socios4.zip
2026-05-20 17:38:59  INFO         ok (skip)    Socios5.zip
2026-05-20 17:38:59  INFO         ok (skip)    Socios6.zip
2026-05-20 17:38:59  INFO         ok (skip)    Socios7.zip
2026-05-20 17:38:59  INFO         ok (skip)    Socios8.zip
2026-05-20 17:38:59  INFO         ok (skip)    Socios9.zip
2026-05-20 17:38:59  INFO       [2026-04]  pasta=2026-04-12  37 ZIP(s):
2026-05-20 17:38:59  INFO         ok (skip)    Cnaes.zip
2026-05-20 17:38:59  INFO         ok (skip)    Empresas0.zip
2026-05-20 17:38:59  INFO         ok (skip)    Empresas1.zip
2026-05-20 17:38:59  INFO         ok (skip)    Empresas2.zip
2026-05-20 17:38:59  INFO         ok (skip)    Empresas3.zip
2026-05-20 17:38:59  INFO         ok (skip)    Empresas4.zip
2026-05-20 17:38:59  INFO         ok (skip)    Empresas5.zip
2026-05-20 17:38:59  INFO         ok (skip)    Empresas6.zip
2026-05-20 17:38:59  INFO         ok (skip)    Empresas7.zip
2026-05-20 17:38:59  INFO         ok (skip)    Empresas8.zip
2026-05-20 17:38:59  INFO         ok (skip)    Empresas9.zip
2026-05-20 17:38:59  INFO         ok (skip)    Estabelecimentos0.zip
2026-05-20 17:38:59  INFO         ok (skip)    Estabelecimentos1.zip
2026-05-20 17:38:59  INFO         ok (skip)    Estabelecimentos2.zip
2026-05-20 17:38:59  INFO         ok (skip)    Estabelecimentos3.zip
2026-05-20 17:38:59  INFO         ok (skip)    Estabelecimentos4.zip
2026-05-20 17:38:59  INFO         ok (skip)    Estabelecimentos5.zip
2026-05-20 17:38:59  INFO         ok (skip)    Estabelecimentos6.zip
2026-05-20 17:38:59  INFO         ok (skip)    Estabelecimentos7.zip
2026-05-20 17:38:59  INFO         ok (skip)    Estabelecimentos8.zip
2026-05-20 17:38:59  INFO         ok (skip)    Estabelecimentos9.zip
2026-05-20 17:38:59  INFO         ok (skip)    Motivos.zip
2026-05-20 17:38:59  INFO         ok (skip)    Municipios.zip
2026-05-20 17:38:59  INFO         ok (skip)    Naturezas.zip
2026-05-20 17:38:59  INFO         ok (skip)    Paises.zip
2026-05-20 17:38:59  INFO         ok (skip)    Qualificacoes.zip
2026-05-20 17:38:59  INFO         ok (skip)    Simples.zip
2026-05-20 17:38:59  INFO         ok (skip)    Socios0.zip
2026-05-20 17:38:59  INFO         ok (skip)    Socios1.zip
2026-05-20 17:38:59  INFO         ok (skip)    Socios2.zip
2026-05-20 17:38:59  INFO         ok (skip)    Socios3.zip
2026-05-20 17:38:59  INFO         ok (skip)    Socios4.zip
2026-05-20 17:38:59  INFO         ok (skip)    Socios5.zip
2026-05-20 17:38:59  INFO         ok (skip)    Socios6.zip
2026-05-20 17:38:59  INFO         ok (skip)    Socios7.zip
2026-05-20 17:38:59  INFO         ok (skip)    Socios8.zip
2026-05-20 17:38:59  INFO         ok (skip)    Socios9.zip
2026-05-20 17:38:59  INFO       [2026-05]  pasta=2026-05-10  37 ZIP(s):
2026-05-20 17:38:59  INFO         BAIXAR       Cnaes.zip
2026-05-20 17:38:59  INFO         BAIXAR       Empresas0.zip
2026-05-20 17:38:59  INFO         BAIXAR       Empresas1.zip
2026-05-20 17:38:59  INFO         BAIXAR       Empresas2.zip
2026-05-20 17:38:59  INFO         BAIXAR       Empresas3.zip
2026-05-20 17:38:59  INFO         BAIXAR       Empresas4.zip
2026-05-20 17:38:59  INFO         BAIXAR       Empresas5.zip
2026-05-20 17:38:59  INFO         BAIXAR       Empresas6.zip
2026-05-20 17:38:59  INFO         BAIXAR       Empresas7.zip
2026-05-20 17:38:59  INFO         BAIXAR       Empresas8.zip
2026-05-20 17:38:59  INFO         BAIXAR       Empresas9.zip
2026-05-20 17:38:59  INFO         BAIXAR       Estabelecimentos0.zip
2026-05-20 17:38:59  INFO         BAIXAR       Estabelecimentos1.zip
2026-05-20 17:38:59  INFO         BAIXAR       Estabelecimentos2.zip
2026-05-20 17:38:59  INFO         BAIXAR       Estabelecimentos3.zip
2026-05-20 17:38:59  INFO         BAIXAR       Estabelecimentos4.zip
2026-05-20 17:38:59  INFO         BAIXAR       Estabelecimentos5.zip
2026-05-20 17:38:59  INFO         BAIXAR       Estabelecimentos6.zip
2026-05-20 17:38:59  INFO         BAIXAR       Estabelecimentos7.zip
2026-05-20 17:38:59  INFO         BAIXAR       Estabelecimentos8.zip
2026-05-20 17:38:59  INFO         BAIXAR       Estabelecimentos9.zip
2026-05-20 17:38:59  INFO         BAIXAR       Motivos.zip
2026-05-20 17:38:59  INFO         BAIXAR       Municipios.zip
2026-05-20 17:38:59  INFO         BAIXAR       Naturezas.zip
2026-05-20 17:38:59  INFO         BAIXAR       Paises.zip
2026-05-20 17:38:59  INFO         BAIXAR       Qualificacoes.zip
2026-05-20 17:38:59  INFO         BAIXAR       Simples.zip
2026-05-20 17:38:59  INFO         BAIXAR       Socios0.zip
2026-05-20 17:38:59  INFO         BAIXAR       Socios1.zip
2026-05-20 17:38:59  INFO         BAIXAR       Socios2.zip
2026-05-20 17:38:59  INFO         BAIXAR       Socios3.zip
2026-05-20 17:38:59  INFO         BAIXAR       Socios4.zip
2026-05-20 17:38:59  INFO         BAIXAR       Socios5.zip
2026-05-20 17:38:59  INFO         BAIXAR       Socios6.zip
2026-05-20 17:38:59  INFO         BAIXAR       Socios7.zip
2026-05-20 17:38:59  INFO         BAIXAR       Socios8.zip
2026-05-20 17:38:59  INFO         BAIXAR       Socios9.zip
2026-05-20 17:38:59  INFO     [dry-run] Nenhuma alteração realizada.
2026-05-20 17:38:59  INFO     ============================================================
2026-05-20 17:40:02  INFO     ============================================================
2026-05-20 17:40:02  INFO     sync_mensal [DRY-RUN] início: 2026-05-20 17:40:02
2026-05-20 17:40:02  INFO     dados-brutos : C:\Users\roberg\Documents\DA\Pythagoras\busca_empresa\dados-brutos
2026-05-20 17:40:02  INFO     banco        : sqlite:///C:\Users\roberg\Documents\DA\Pythagoras\busca_empresa\backend\cnpj.db
2026-05-20 17:40:02  INFO     ============================================================
2026-05-20 17:40:02  INFO     Consultando casadosdados...
2026-05-20 17:40:03  INFO       Site: 39 meses disponíveis — mais recente: 2026-05
2026-05-20 17:40:03  INFO       Banco: 38 mês(es) CONCLUIDO(s).
2026-05-20 17:40:03  INFO       Novo(s) a processar: 2026-05
2026-05-20 17:40:03  INFO       [2026-05]  pasta=2026-05-10  37 ZIP(s):
2026-05-20 17:40:03  INFO         BAIXAR       Cnaes.zip
2026-05-20 17:40:03  INFO         BAIXAR       Empresas0.zip
2026-05-20 17:40:03  INFO         BAIXAR       Empresas1.zip
2026-05-20 17:40:03  INFO         BAIXAR       Empresas2.zip
2026-05-20 17:40:03  INFO         BAIXAR       Empresas3.zip
2026-05-20 17:40:03  INFO         BAIXAR       Empresas4.zip
2026-05-20 17:40:03  INFO         BAIXAR       Empresas5.zip
2026-05-20 17:40:03  INFO         BAIXAR       Empresas6.zip
2026-05-20 17:40:03  INFO         BAIXAR       Empresas7.zip
2026-05-20 17:40:03  INFO         BAIXAR       Empresas8.zip
2026-05-20 17:40:03  INFO         BAIXAR       Empresas9.zip
2026-05-20 17:40:03  INFO         BAIXAR       Estabelecimentos0.zip
2026-05-20 17:40:03  INFO         BAIXAR       Estabelecimentos1.zip
2026-05-20 17:40:03  INFO         BAIXAR       Estabelecimentos2.zip
2026-05-20 17:40:03  INFO         BAIXAR       Estabelecimentos3.zip
2026-05-20 17:40:03  INFO         BAIXAR       Estabelecimentos4.zip
2026-05-20 17:40:03  INFO         BAIXAR       Estabelecimentos5.zip
2026-05-20 17:40:03  INFO         BAIXAR       Estabelecimentos6.zip
2026-05-20 17:40:03  INFO         BAIXAR       Estabelecimentos7.zip
2026-05-20 17:40:03  INFO         BAIXAR       Estabelecimentos8.zip
2026-05-20 17:40:03  INFO         BAIXAR       Estabelecimentos9.zip
2026-05-20 17:40:03  INFO         BAIXAR       Motivos.zip
2026-05-20 17:40:03  INFO         BAIXAR       Municipios.zip
2026-05-20 17:40:03  INFO         BAIXAR       Naturezas.zip
2026-05-20 17:40:03  INFO         BAIXAR       Paises.zip
2026-05-20 17:40:03  INFO         BAIXAR       Qualificacoes.zip
2026-05-20 17:40:03  INFO         BAIXAR       Simples.zip
2026-05-20 17:40:03  INFO         BAIXAR       Socios0.zip
2026-05-20 17:40:03  INFO         BAIXAR       Socios1.zip
2026-05-20 17:40:03  INFO         BAIXAR       Socios2.zip
2026-05-20 17:40:03  INFO         BAIXAR       Socios3.zip
2026-05-20 17:40:03  INFO         BAIXAR       Socios4.zip
2026-05-20 17:40:03  INFO         BAIXAR       Socios5.zip
2026-05-20 17:40:03  INFO         BAIXAR       Socios6.zip
2026-05-20 17:40:03  INFO         BAIXAR       Socios7.zip
2026-05-20 17:40:03  INFO         BAIXAR       Socios8.zip
2026-05-20 17:40:03  INFO         BAIXAR       Socios9.zip
2026-05-20 17:40:03  INFO     [dry-run] Nenhuma alteração realizada.
2026-05-20 17:40:03  INFO     ============================================================
2026-05-20 17:40:17  INFO     ============================================================
2026-05-20 17:40:17  INFO     sync_mensal início: 2026-05-20 17:40:17
2026-05-20 17:40:17  INFO     dados-brutos : C:\Users\roberg\Documents\DA\Pythagoras\busca_empresa\dados-brutos
2026-05-20 17:40:17  INFO     banco        : sqlite:///C:\Users\roberg\Documents\DA\Pythagoras\busca_empresa\backend\cnpj.db
2026-05-20 17:40:17  INFO     ============================================================
2026-05-20 17:40:17  INFO     Consultando casadosdados...
2026-05-20 17:40:18  INFO       Site: 39 meses disponíveis — mais recente: 2026-05
2026-05-20 17:40:18  INFO       Banco: 38 mês(es) CONCLUIDO(s).
2026-05-20 17:40:18  INFO       Novo(s) a processar: 2026-05
2026-05-20 17:40:18  INFO     
──────────────────────────────────────────────────
2026-05-20 17:40:18  INFO     Baixando 2026-05  (pasta site: 2026-05-10)
2026-05-20 17:40:18  INFO       Destino: C:\Users\roberg\Documents\DA\Pythagoras\busca_empresa\dados-brutos\2026-05  (37 arquivo(s))
2026-05-20 17:40:18  INFO       [1/3] Baixando Cnaes.zip...
2026-05-20 17:40:18  DEBUG        Validando CRC: Cnaes.zip
2026-05-20 17:40:18  INFO       OK  Cnaes.zip  (0.00 GB)
2026-05-20 17:40:18  INFO       [1/3] Baixando Empresas0.zip...
2026-05-20 17:40:18  WARNING    Tentativa 1/3 falhou (Empresas0.zip): 404 Client Error: Not Found for url: https://dados-abertos-rf-cnpj.casadosdados.com.br/arquivos/2026-05-10/Empresas0.zip
2026-05-20 17:40:18  INFO       Aguardando 5s antes de retentar...
2026-05-20 17:40:23  INFO       [2/3] Baixando Empresas0.zip...
2026-05-20 17:40:23  WARNING    Tentativa 2/3 falhou (Empresas0.zip): 404 Client Error: Not Found for url: https://dados-abertos-rf-cnpj.casadosdados.com.br/arquivos/2026-05-10/Empresas0.zip
2026-05-20 17:40:23  INFO       Aguardando 10s antes de retentar...
2026-05-20 17:40:33  INFO       [3/3] Baixando Empresas0.zip...
2026-05-20 17:40:34  WARNING    Tentativa 3/3 falhou (Empresas0.zip): 404 Client Error: Not Found for url: https://dados-abertos-rf-cnpj.casadosdados.com.br/arquivos/2026-05-10/Empresas0.zip
2026-05-20 17:40:34  ERROR      FALHA  Empresas0.zip: Download falhou após 3 tentativas: https://dados-abertos-rf-cnpj.casadosdados.com.br/arquivos/2026-05-10/Empresas0.zip
2026-05-20 17:40:34  ERROR      [2026-05] Download incompleto — mês não será carregado.
2026-05-20 17:40:34  INFO     
──────────────────────────────────────────────────
2026-05-20 17:40:34  INFO       MES_DOMINIOS=2026-04 (sem alteração necessária).
2026-05-20 17:40:34  ERROR    Nenhum mês baixado com sucesso — carga.py não será executado.
2026-05-20 17:42:12  INFO     ============================================================
2026-05-20 17:42:12  INFO     sync_mensal início: 2026-05-20 17:42:12
2026-05-20 17:42:12  INFO     dados-brutos : C:\Users\roberg\Documents\DA\Pythagoras\busca_empresa\dados-brutos
2026-05-20 17:42:12  INFO     banco        : sqlite:///C:\Users\roberg\Documents\DA\Pythagoras\busca_empresa\backend\cnpj.db
2026-05-20 17:42:12  INFO     ============================================================
2026-05-20 17:42:12  INFO     Consultando casadosdados...
2026-05-20 17:42:13  INFO       Site: 39 meses disponíveis — mais recente: 2026-05
2026-05-20 17:42:13  INFO       Banco: 38 mês(es) CONCLUIDO(s).
2026-05-20 17:42:13  INFO       Novo(s) a processar: 2026-05
2026-05-20 17:42:13  INFO     
--------------------------------------------------
2026-05-20 17:42:13  INFO     Baixando 2026-05  (pasta site: 2026-05-10)
2026-05-20 17:42:13  INFO       Destino: C:\Users\roberg\Documents\DA\Pythagoras\busca_empresa\dados-brutos\2026-05  (37 arquivo(s))
2026-05-20 17:42:13  INFO       SKIP  Cnaes.zip
2026-05-20 17:42:13  INFO       [1/3] Baixando Empresas0.zip...
2026-05-20 17:42:13  WARNING    Tentativa 1/3 falhou (Empresas0.zip): 404 Client Error: Not Found for url: https://dados-abertos-rf-cnpj.casadosdados.com.br/arquivos/2026-05-10/Empresas0.zip
2026-05-20 17:42:13  INFO       Aguardando 5s antes de retentar...
2026-05-20 17:42:18  INFO       [2/3] Baixando Empresas0.zip...
2026-05-20 17:42:19  WARNING    Tentativa 2/3 falhou (Empresas0.zip): 404 Client Error: Not Found for url: https://dados-abertos-rf-cnpj.casadosdados.com.br/arquivos/2026-05-10/Empresas0.zip
2026-05-20 17:42:19  INFO       Aguardando 10s antes de retentar...
2026-05-20 17:42:29  INFO       [3/3] Baixando Empresas0.zip...
2026-05-20 17:42:30  WARNING    Tentativa 3/3 falhou (Empresas0.zip): 404 Client Error: Not Found for url: https://dados-abertos-rf-cnpj.casadosdados.com.br/arquivos/2026-05-10/Empresas0.zip
2026-05-20 17:42:30  ERROR      FALHA  Empresas0.zip: Download falhou após 3 tentativas: https://dados-abertos-rf-cnpj.casadosdados.com.br/arquivos/2026-05-10/Empresas0.zip
2026-05-20 17:42:30  ERROR      [2026-05] Download incompleto — mês não será carregado.
2026-05-20 17:42:30  INFO     
--------------------------------------------------
2026-05-20 17:42:30  INFO       MES_DOMINIOS=2026-04 (sem alteração necessária).
2026-05-20 17:42:30  ERROR    Nenhum mês baixado com sucesso — carga.py não será executado.
2026-05-20 17:49:45  INFO     ============================================================
2026-05-20 17:49:45  INFO     sync_mensal início: 2026-05-20 17:49:45
2026-05-20 17:49:45  INFO     dados-brutos : C:\Users\roberg\Documents\DA\Pythagoras\busca_empresa\dados-brutos
2026-05-20 17:49:45  INFO     banco        : sqlite:///C:\Users\roberg\Documents\DA\Pythagoras\busca_empresa\backend\cnpj.db
2026-05-20 17:49:45  INFO     ============================================================
2026-05-20 17:49:45  INFO     Consultando casadosdados...
2026-05-20 17:49:45  INFO       Site: 39 meses disponíveis — mais recente: 2026-05
2026-05-20 17:49:45  INFO       Banco: 38 mês(es) CONCLUIDO(s).
2026-05-20 17:49:45  INFO       Novo(s) a processar: 2026-05
2026-05-20 17:49:45  INFO     
--------------------------------------------------
2026-05-20 17:49:45  INFO     Baixando 2026-05  (pasta site: 2026-05-10)
2026-05-20 17:49:46  INFO       Destino: C:\Users\roberg\Documents\DA\Pythagoras\busca_empresa\dados-brutos\2026-05  (37 arquivo(s))
2026-05-20 17:49:46  INFO       SKIP  Cnaes.zip
2026-05-20 17:49:46  INFO       [1/3] Baixando Empresas0.zip...
2026-05-20 17:49:46  WARNING    404   Empresas0.zip — ainda não publicado, tentará na próxima execução
2026-05-20 17:49:46  INFO       [1/3] Baixando Empresas1.zip...
2026-05-20 17:49:55  DEBUG        Validando CRC: Empresas1.zip
2026-05-20 17:50:01  INFO       OK  Empresas1.zip  (0.08 GB)
2026-05-20 17:50:01  INFO       [1/3] Baixando Empresas2.zip...
2026-05-20 17:50:11  DEBUG        Validando CRC: Empresas2.zip
2026-05-20 17:50:12  INFO       OK  Empresas2.zip  (0.08 GB)
2026-05-20 17:50:12  INFO       [1/3] Baixando Empresas3.zip...
2026-05-20 17:50:24  DEBUG        Validando CRC: Empresas3.zip
2026-05-20 17:50:29  INFO       OK  Empresas3.zip  (0.09 GB)
2026-05-20 17:50:29  INFO       [1/3] Baixando Empresas4.zip...
2026-05-20 17:50:40  DEBUG        Validando CRC: Empresas4.zip
2026-05-20 17:50:42  INFO       OK  Empresas4.zip  (0.09 GB)
2026-05-20 17:50:42  INFO       [1/3] Baixando Empresas5.zip...
2026-05-20 17:50:52  DEBUG        Validando CRC: Empresas5.zip
2026-05-20 17:50:53  INFO       OK  Empresas5.zip  (0.10 GB)
2026-05-20 17:50:53  INFO       [1/3] Baixando Empresas6.zip...
2026-05-20 17:51:04  DEBUG        Validando CRC: Empresas6.zip
2026-05-20 17:51:06  INFO       OK  Empresas6.zip  (0.09 GB)
2026-05-20 17:51:06  INFO       [1/3] Baixando Empresas7.zip...
2026-05-20 17:51:15  DEBUG        Validando CRC: Empresas7.zip
2026-05-20 17:51:17  INFO       OK  Empresas7.zip  (0.10 GB)
2026-05-20 17:51:17  INFO       [1/3] Baixando Empresas8.zip...
2026-05-20 17:51:27  DEBUG        Validando CRC: Empresas8.zip
2026-05-20 17:51:29  INFO       OK  Empresas8.zip  (0.10 GB)
2026-05-20 17:51:29  INFO       [1/3] Baixando Empresas9.zip...
2026-05-20 17:51:38  DEBUG        Validando CRC: Empresas9.zip
2026-05-20 17:51:41  INFO       OK  Empresas9.zip  (0.09 GB)
2026-05-20 17:51:41  INFO       [1/3] Baixando Estabelecimentos0.zip...
2026-05-20 17:54:28  INFO     ============================================================
2026-05-20 17:54:28  INFO     sync_mensal [DRY-RUN] início: 2026-05-20 17:54:28
2026-05-20 17:54:28  INFO     dados-brutos : C:\Users\roberg\Documents\DA\Pythagoras\busca_empresa\dados-brutos
2026-05-20 17:54:28  INFO     banco        : sqlite:///C:\Users\roberg\Documents\DA\Pythagoras\busca_empresa\backend\cnpj.db
2026-05-20 17:54:28  INFO     ============================================================
2026-05-20 17:54:28  INFO     Consultando casadosdados...
2026-05-20 17:54:28  INFO       Site: 39 meses disponíveis — mais recente: 2026-05
2026-05-20 17:54:28  INFO       Banco: 38 mês(es) CONCLUIDO(s).
2026-05-20 17:54:28  INFO       Novo(s) a processar: 2026-05
2026-05-20 17:54:28  INFO       [2026-05]  pasta=2026-05-10  37 ZIP(s):
2026-05-20 17:54:28  WARNING    INDISPONIVEL  Empresas0.zip  (404 no servidor)
2026-05-20 17:54:29  DEBUG      disponivel  Estabelecimentos0.zip  (2086 MB)
2026-05-20 17:54:29  DEBUG      disponivel  Estabelecimentos1.zip  (341 MB)
2026-05-20 17:54:29  DEBUG      disponivel  Estabelecimentos2.zip  (334 MB)
2026-05-20 17:54:29  DEBUG      disponivel  Estabelecimentos3.zip  (367 MB)
2026-05-20 17:54:29  DEBUG      disponivel  Estabelecimentos4.zip  (341 MB)
2026-05-20 17:54:29  DEBUG      disponivel  Estabelecimentos5.zip  (335 MB)
2026-05-20 17:54:29  DEBUG      disponivel  Estabelecimentos6.zip  (367 MB)
2026-05-20 17:54:29  DEBUG      disponivel  Estabelecimentos7.zip  (341 MB)
2026-05-20 17:54:29  DEBUG      disponivel  Estabelecimentos8.zip  (334 MB)
2026-05-20 17:54:29  DEBUG      disponivel  Estabelecimentos9.zip  (367 MB)
2026-05-20 17:54:29  DEBUG      disponivel  Motivos.zip  (0 MB)
2026-05-20 17:54:29  DEBUG      disponivel  Municipios.zip  (0 MB)
2026-05-20 17:54:29  DEBUG      disponivel  Naturezas.zip  (0 MB)
2026-05-20 17:54:29  DEBUG      disponivel  Paises.zip  (0 MB)
2026-05-20 17:54:29  DEBUG      disponivel  Qualificacoes.zip  (0 MB)
2026-05-20 17:54:29  DEBUG      disponivel  Simples.zip  (294 MB)
2026-05-20 17:54:29  DEBUG      disponivel  Socios0.zip  (232 MB)
2026-05-20 17:54:29  DEBUG      disponivel  Socios1.zip  (50 MB)
2026-05-20 17:54:29  DEBUG      disponivel  Socios2.zip  (49 MB)
2026-05-20 17:54:29  DEBUG      disponivel  Socios3.zip  (49 MB)
2026-05-20 17:54:29  DEBUG      disponivel  Socios4.zip  (49 MB)
2026-05-20 17:54:29  DEBUG      disponivel  Socios5.zip  (49 MB)
2026-05-20 17:54:29  DEBUG      disponivel  Socios6.zip  (49 MB)
2026-05-20 17:54:29  DEBUG      disponivel  Socios7.zip  (49 MB)
2026-05-20 17:54:29  DEBUG      disponivel  Socios8.zip  (50 MB)
2026-05-20 17:54:29  DEBUG      disponivel  Socios9.zip  (49 MB)
2026-05-20 17:54:29  INFO         ok (skip)      Cnaes.zip
2026-05-20 17:54:29  INFO         INDISPONIVEL   Empresas0.zip
2026-05-20 17:54:29  INFO         ok (skip)      Empresas1.zip
2026-05-20 17:54:29  INFO         ok (skip)      Empresas2.zip
2026-05-20 17:54:29  INFO         ok (skip)      Empresas3.zip
2026-05-20 17:54:29  INFO         ok (skip)      Empresas4.zip
2026-05-20 17:54:29  INFO         ok (skip)      Empresas5.zip
2026-05-20 17:54:29  INFO         ok (skip)      Empresas6.zip
2026-05-20 17:54:29  INFO         ok (skip)      Empresas7.zip
2026-05-20 17:54:29  INFO         ok (skip)      Empresas8.zip
2026-05-20 17:54:29  INFO         ok (skip)      Empresas9.zip
2026-05-20 17:54:29  INFO         BAIXAR         Estabelecimentos0.zip
2026-05-20 17:54:29  INFO         BAIXAR         Estabelecimentos1.zip
2026-05-20 17:54:29  INFO         BAIXAR         Estabelecimentos2.zip
2026-05-20 17:54:29  INFO         BAIXAR         Estabelecimentos3.zip
2026-05-20 17:54:29  INFO         BAIXAR         Estabelecimentos4.zip
2026-05-20 17:54:29  INFO         BAIXAR         Estabelecimentos5.zip
2026-05-20 17:54:29  INFO         BAIXAR         Estabelecimentos6.zip
2026-05-20 17:54:29  INFO         BAIXAR         Estabelecimentos7.zip
2026-05-20 17:54:29  INFO         BAIXAR         Estabelecimentos8.zip
2026-05-20 17:54:29  INFO         BAIXAR         Estabelecimentos9.zip
2026-05-20 17:54:29  INFO         BAIXAR         Motivos.zip
2026-05-20 17:54:29  INFO         BAIXAR         Municipios.zip
2026-05-20 17:54:29  INFO         BAIXAR         Naturezas.zip
2026-05-20 17:54:29  INFO         BAIXAR         Paises.zip
2026-05-20 17:54:29  INFO         BAIXAR         Qualificacoes.zip
2026-05-20 17:54:29  INFO         BAIXAR         Simples.zip
2026-05-20 17:54:29  INFO         BAIXAR         Socios0.zip
2026-05-20 17:54:29  INFO         BAIXAR         Socios1.zip
2026-05-20 17:54:29  INFO         BAIXAR         Socios2.zip
2026-05-20 17:54:29  INFO         BAIXAR         Socios3.zip
2026-05-20 17:54:29  INFO         BAIXAR         Socios4.zip
2026-05-20 17:54:29  INFO         BAIXAR         Socios5.zip
2026-05-20 17:54:29  INFO         BAIXAR         Socios6.zip
2026-05-20 17:54:29  INFO         BAIXAR         Socios7.zip
2026-05-20 17:54:29  INFO         BAIXAR         Socios8.zip
2026-05-20 17:54:29  INFO         BAIXAR         Socios9.zip
2026-05-20 17:54:29  WARNING    [2026-05] Mes bloqueado: 1 arquivo(s) indisponivel(is).
2026-05-20 17:54:29  INFO     [dry-run] Nenhuma alteracao realizada.
2026-05-20 17:54:29  INFO     ============================================================
